p_noise,score,entropy,label,round
0.0,0.991825154276037,2.3003151999731237,1,4
0.5,-0.1509856242329255,2.8289214704676136,-1,4
0.25,0.4204197650215562,2.6184214851075134,1,4
0.375,0.13471707039431502,2.7348455024870204,1,4
0.4375,-0.008134276919304906,2.784542954157137,-1,4
0.40625,0.06329139673750528,2.7603721788000177,1,4
0.421875,0.02757855990910052,2.7726252236153504,1,4
0.4296875,0.009722141494896919,2.7786257923633415,1,4
0.43359375,0.0007939322877958954,2.781594773850604,1,4
0.435546875,-0.003670172315754394,2.7830714610570677,-1,4
0.4345703125,-0.0014381200139794714,2.7823337671010404,-1,4
0.43408203125,-0.000322093863091899,2.781964432935864,-1,4
0.433837890625,0.00023591921235266433,2.78177964401429,1,4
0.4339599609375,-4.308732536983939e-05,2.781872048629585,-1,4
0.43389892578125,9.641594349174554e-05,2.7818258488606586,1,4
0.433929443359375,2.6664309061175118e-05,2.781848949379791,1,4
0.4339447021484375,-8.211508154110092e-06,2.7818604991633533,-1,4
0.43393707275390625,9.22640045342149e-06,2.781854724311238,1,4
0.4339408874511719,5.074461493226323e-07,2.7818576117472116,1,4
0.4339427947998047,-3.8520310026157745e-06,2.781859055457762,-1,4
0.4339418411254883,-1.6722924260914596e-06,2.7818583336031066,-1,4
0.4339413642883301,-5.824231386064582e-07,2.781857972675315,-1,4
0.0,1.1884939495557956,2.0056131829286694,1,8
0.5,0.0007355053179729509,2.778973754682772,1,8
0.75,-0.5931437168009382,2.94365505121313,-1,8
0.625,-0.2962041057414825,2.8750056939442574,-1,8
0.5625,-0.1477343002117546,2.830511509621394,-1,8
0.53125,-0.07349939744689116,2.8056411999930013,-1,8
0.515625,-0.03638194606445877,2.7925347966529825,-1,8
0.5078125,-0.01782322037324291,2.7858114682164024,-1,8
0.50390625,-0.008543857527634868,2.7824069567640515,-1,8
0.501953125,-0.0039041761048308476,2.780693948066888,-1,8
0.5009765625,-0.0015843353934292814,2.7798347502200054,-1,8
0.50048828125,-0.00042441503772772116,2.779404477258064,-1,8
0.500244140625,0.00015554514012228182,2.7791891721840387,1,8
0.5003662109375,-0.00013443494880260864,2.7792968387729617,-1,8
0.50030517578125,1.0555095660169656e-05,2.779243008991665,1,8
0.500335693359375,-6.193992657155256e-05,2.7792699247605808,-1,8
0.5003204345703125,-2.5692415455358386e-05,2.7792564670956925,-1,8
0.5003128051757812,-7.568659898371521e-06,2.7792497380985717,-1,8
0.5003089904785156,1.4932178806770224e-06,2.779246373558841,1,8
0.5003108978271484,-3.037721008958272e-06,2.779248055832137,-1,8
0.500309944152832,-7.722515635855132e-07,2.7792472146963463,-1,8
0.5003094673156738,3.6048315865677694e-07,2.7792467941278076,1,8
0.0,1.0005743855449365,1.6210264915069443,1,12
0.5,-0.10508732407269705,2.6694323162705005,-1,12
0.25,0.44774353073611906,2.274306901539404,1,12
0.375,0.1713281033317109,2.4932254126262974,1,12
0.4375,0.0331203896295067,2.5862411208920104,1,12
0.46875,-0.03598346722159507,2.6290292387169254,-1,12
0.453125,-0.001431538796044185,2.6079371385207515,-1,12
0.4453125,0.015844425416731145,2.5971651479938735,1,12
0.44921875,0.007206443310343591,2.602570079414572,1,12
0.451171875,0.00288745225714937,2.605258334663231,1,12
0.4521484375,0.0007279567305529255,2.6065989169857344,1,12
0.45263671875,-0.00035179103274574075,2.6072683227237063,-1,12
0.452392578125,0.0001880828489035924,2.6069336936132976,1,12
0.4525146484375,-8.18540919211852e-05,2.607101026606149,-1,12
0.45245361328125,5.3114378491203595e-05,2.607017364719384,1,12
0.452484130859375,-1.4369856714990803e-05,2.607059196815151,-1,12
0.4524688720703125,1.937226088832844e-05,2.607038281055367,1,12
0.45247650146484375,2.501202086335752e-06,2.6070487390072836,1,12
0.4524803161621094,-5.934327314438548e-06,2.607053967929223,-1,12
0.45247840881347656,-1.716562613385264e-06,2.6070513534727553,-1,12
0.45247745513916016,3.92319736475244e-07,2.6070500462411443,1,12
0.45247793197631836,-6.621214383439877e-07,2.6070506998572314,-1,12
0.0,0.9911177780361722,0.8802263712528144,1,16
0.5,-0.1891661299205074,2.4481387879031153,-1,16
0.25,0.40097582405783183,1.8426334724771634,1,16
0.375,0.1059048470686621,2.173986652592137,1,16
0.4375,-0.04163064142592221,2.317715762087532,-1,16
0.40625,0.0321371028213695,2.24755728757873,1,16
0.421875,-0.004746769302276688,2.283056723043751,-1,16
0.4140625,0.013695166759546629,2.2654127793103083,1,16
0.41796875,0.0044741987286349705,2.2742611001974646,1,16
0.419921875,-0.00013628528682096963,2.278665487415278,-1,16
0.4189453125,0.0021689567209071114,2.2764649391721976,1,16
0.41943359375,0.0010163357170427378,2.2775656244570928,1,16
0.419677734375,0.00044002521511110615,2.2781156587048454,1,16
0.4197998046875,0.00015186996414495724,2.2783905987494597,1,16
0.41986083984375,7.792338662104825e-06,2.278528049504373,1,16
0.419891357421875,-6.424647407898831e-05,2.278596770065283,-1,16
0.4198760986328125,-2.8227067708330722e-05,2.278562410186197,-1,16
0.41986846923828125,-1.0217364523334993e-05,2.2785452299456286,-1,16
0.4198646545410156,-1.212512930282017e-06,2.2785366397500866,-1,16
0.4198627471923828,3.2899128661334487e-06,2.2785323446335015,1,16
0.4198637008666992,1.0386999678146935e-06,2.2785344921933612,1,16
0.4198641777038574,-8.690648156672864e-08,2.278535565972116,-1,16
0.0,1.0752853864847791,2.3623582425805383,1,20
0.5,-0.04882819653787096,2.8408797842101596,-1,20
0.25,0.5132285949734534,2.6480287731070726,1,20
0.375,0.23220019921779111,2.754367823695702,1,20
0.4375,0.0916860013399603,2.8000024487851505,1,20
0.46875,0.02142890240104456,2.8210271809519236,1,20
0.484375,-0.013699647068412979,2.831099126912054,-1,20
0.4765625,0.0038646276663161228,2.8260996654647994,1,20
0.48046875,-0.004917509701048761,2.8286085109946235,-1,20
0.478515625,-0.0005264410173664302,2.827356368532991,-1,20
0.4775390625,0.0016690933244747352,2.8267285872777963,1,20
0.47802734375,0.0005713261535542635,2.8270426204496046,1,20
0.478271484375,2.244256809347256e-05,2.8271995301241724,1,20
0.4783935546875,-0.00025199922463614577,2.8272779582364036,-1,20
0.47833251953125,-0.00011477832827089252,2.8272387464072932,-1,20
0.478302001953125,-4.616788008870998e-05,2.8272191388224908,-1,20
0.4782867431640625,-1.1862655997729732e-05,2.8272093346125224,-1,20
0.47827911376953125,5.289956048315503e-06,2.8272044324031453,1,20
0.4782829284667969,-3.286349974818137e-06,2.8272068835165327,-1,20
0.47828102111816406,1.001803036748683e-06,2.827205657962015,1,20
0.47828197479248047,-1.1422734693677938e-06,2.8272062707398167,-1,20
0.47828149795532227,-7.023521608751082e-08,2.8272059643510508,-1,20
0.0,1.1205066977390523,2.4233260268301637,1,24
0.5,-0.014568268415628305,2.8521483588162346,-1,24
0.25,0.552969214661712,2.6769009689650405,1,24
0.375,0.26920047312304196,2.773138124716571,1,24
0.4375,0.12731610235370705,2.814729732146167,1,24
0.46875,0.05637391696903893,2.833955322925754,1,24
0.484375,0.020902824276705312,2.8431804058115744,1,24
0.4921875,0.0031672779305385035,2.8476964702283247,1,24
0.49609375,-0.00570049524254479,2.849930430431689,-1,24
0.494140625,-0.001266608656002921,2.848815455039618,-1,24
0.4931640625,0.0009503346372670141,2.84825646390521,1,24
0.49365234375,-0.0001581370093679535,2.848536084778391,-1,24
0.493408203125,0.00039609881394997437,2.848396305669767,1,24
0.4935302734375,0.00011898090229123248,2.848466203055887,1,24
0.49359130859375,-1.9578053538360507e-05,2.8485011458750678,-1,24
0.493560791015625,4.9701424376324965e-05,2.8484836749549625,1,24
0.4935760498046875,1.5061685418649162e-05,2.8484924105373857,1,24
0.49358367919921875,-2.2581840595226055e-06,2.84849677823682,-1,24
0.4935798645019531,6.401750679785323e-06,2.8484945943947513,1,24
0.49358177185058594,2.0717833100203364e-06,2.8484956863176976,1,24
0.49358272552490234,-9.320037475113452e-08,2.8484962322777365,-1,24
0.49358224868774414,9.892914678566456e-07,2.8484959592978356,1,24
0.0,0.9247916946009809,0.5864536215425034,1,28
0.5,-0.13913311146078366,2.3604437105464813,-1,28
0.25,0.3928292915700984,1.6699261401006869,1,28
0.375,0.12684809005465736,2.046877964246868,1,28
0.4375,-0.006142510703062598,2.2110612950178945,-1,28
0.40625,0.060352789675797824,2.130864035450695,1,28
0.421875,0.02710513948636728,2.1714296686944135,1,28
0.4296875,0.010481314391651786,2.1913615069793253,1,28
0.43359375,0.002169401844294372,2.201240322389543,1,28
0.435546875,-0.001986554429384002,2.2061580287944933,-1,28
0.4345703125,9.142370745540696e-05,2.2037009818811977,1,28
0.43505859375,-0.0009475653609640755,2.2049299567508576,-1,28
0.434814453125,-0.00042807082675477837,2.2043155821891305,-1,28
0.4346923828125,-0.00016832355965035184,2.204008310255926,-1,28
0.43463134765625,-3.844992609747244e-05,2.203854653124064,-1,28
0.434600830078125,2.6486890678967256e-05,2.203777819266545,1,28
0.4346160888671875,-5.981517709807704e-06,2.203816236636278,-1,28
0.43460845947265625,1.0252686484912843e-05,2.203797028061656,1,28
0.4346122741699219,2.135584387774614e-06,2.2038066323765277,1,28
0.4346141815185547,-1.9229666603504114e-06,2.2038114345132933,-1,28
0.4346132278442383,1.0630886349005664e-07,2.2038090334466327,1,28
0.4346137046813965,-9.083288987632443e-07,2.203810233980394,-1,28
0.0,1.0585429518858651,1.83662375750669,1,32
0.5,-0.07900129508303189,2.726591096169707,-1,32
0.25,0.48977082840141684,2.3900699401459886,1,32
0.375,0.2053847666591928,2.577149621527745,1,32
0.4375,0.06319173578808024,2.656205584817821,1,32
0.46875,-0.007904779647475824,2.692450308609748,-1,32
0.453125,0.02764347807030232,2.6745944203422054,1,32
0.4609375,0.009869349211412803,2.6835885191302555,1,32
0.46484375,0.000982284781968934,2.688035897142718,1,32
0.466796875,-0.003461247432753334,2.6902472169273244,-1,32
0.4658203125,-0.001239481325392422,2.6891425863867617,-1,32
0.46533203125,-0.00012859827171141092,2.68858949920815,-1,32
0.465087890625,0.00042684325512842847,2.6883127625495082,1,32
0.4652099609375,0.00014912249170850878,2.688451146970693,1,32
0.46527099609375,1.0262109998437907e-05,2.6885203271121805,1,32
0.465301513671875,-5.9168080857041616e-05,2.688554914165829,-1,32
0.4652862548828125,-2.4452985429190832e-05,2.6885376208904246,-1,32
0.46527862548828125,-7.095437715820552e-06,2.6885289740641576,-1,32
0.4652748107910156,1.5833361419748115e-06,2.688524650603883,1,32
0.46527671813964844,-2.7560507867008255e-06,2.6885268123379493,-1,32
0.46527576446533203,-5.863573231401631e-07,2.688525731471898,-1,32
0.46527528762817383,4.984894090842573e-07,2.688525191038136,1,32
0.0,1.0797941836092522,1.888073892085752,1,36
0.5,-0.038065134207811324,2.762420075064149,-1,36
0.25,0.5208645247007206,2.4521977261603083,1,36
0.375,0.241399695246455,2.6266533390500406,1,36
0.4375,0.1016672805193215,2.6988801119713806,1,36
0.46875,0.0318010731557552,2.7316924079575045,1,36
0.484375,-0.0031320305260280623,2.7473121887460485,-1,36
0.4765625,0.01433452131486379,2.7395668319757993,1,36
0.48046875,0.005601245394418086,2.7434555734997415,1,36
0.482421875,0.001234607434195123,2.7453878882948435,1,36
0.4833984375,-0.0009487115459163586,2.7463510392473407,-1,36
0.48291015625,0.00014294794413882705,2.7458697140856123,1,36
0.483154296875,-0.00040288180088898784,2.746110439228478,-1,36
0.4830322265625,-0.00012996692837474733,2.745990092299622,-1,36
0.48297119140625,6.490507882039864e-06,2.7459299071035215,1,36
0.483001708984375,-6.173821024657578e-05,2.7459600006792644,-1,36
0.4829864501953125,-2.762385118204591e-05,2.7459449541358207,-1,36
0.48297882080078125,-1.0566671649892001e-05,2.7459374306807787,-1,36
0.4829750061035156,-2.0380818839260684e-06,2.7459336689074267,-1,36
0.4829730987548828,2.2262129988348534e-06,2.745931788009293,1,36
0.4829740524291992,9.406555734337019e-08,2.745932728459315,1,36
0.4829745292663574,-9.720081630693045e-07,2.7459331986836095,-1,36
0.0,1.13222155670837,2.165271848423838,1,40
0.5,-0.04993341442578614,2.8019054402874675,-1,40
0.25,0.5411440711412918,2.5539618060221803,1,40
0.375,0.24560532835775217,2.6916945123802534,1,40
0.4375,0.09783595696598302,2.7500270098764346,1,40
0.46875,0.023951271270098884,2.776753849022779,1,40
0.484375,-0.012991071577843849,2.789524528715721,-1,40
0.4765625,0.0054800998461275174,2.7831881474709705,1,40
0.48046875,-0.0037554858658579438,2.7863685471292077,-1,40
0.478515625,0.0008623069901347868,2.7847814033276994,1,40
0.4794921875,-0.0014465894378621336,2.785575738760668,-1,40
0.47900390625,-0.00029214122386367336,2.785178761986347,-1,40
0.478759765625,0.00028508288313555674,2.7849801303999726,1,40
0.4788818359375,-3.529170363947287e-06,2.78507945812797,-1,40
0.47882080078125,0.00014077685638524962,2.785029797247789,1,40
0.478851318359375,6.862384301098423e-05,2.7850546284338193,1,40
0.4788665771484375,3.2547336323629494e-05,2.7850670434673788,1,40
0.47887420654296875,1.4509082979285992e-05,2.785073250844294,1,40
0.4788780212402344,5.48995630755833e-06,2.7850763544977877,1,40
0.4788799285888672,9.803929719165438e-07,2.785077906315792,1,40
0.4788808822631836,-1.274388696126394e-06,2.78507868222261,-1,40
0.4788804054260254,-1.4699786232696965e-07,2.7850782942693826,-1,40
0.0,0.9250741770650075,0.11686497280762118,1,44
0.5,-0.23127565254620785,2.2379511429778116,-1,44
0.25,0.3468992622593998,1.4176919984603922,1,44
0.375,0.05781180485659543,1.865896472005482,1,44
0.4375,-0.08673192384480588,2.0607496666489324,-1,44
0.40625,-0.014460059494105781,1.9655895119629565,-1,44
0.390625,0.021675872681244934,1.916319036595794,1,44
0.3984375,0.0036079065935701315,1.9410970105785845,1,44
0.40234375,-0.005426076450267603,1.9533787946846168,-1,44
0.400390625,-0.0009090849283495128,1.9472468044408635,-1,44
0.3994140625,0.0013494108326101983,1.944174135301658,1,44
0.39990234375,0.00022016295213078685,1.945711026525324,1,44
0.400146484375,-0.00034446098810914094,1.9464790546099984,-1,44
0.4000244140625,-6.214901798951011e-05,1.946095075353958,-1,44
0.39996337890625,7.900696707086041e-05,1.945903059636787,1,44
0.399993896484375,8.428974540564127e-06,1.9459990696695875,1,44
0.4000091552734375,-2.686002172436197e-05,1.9460470730553174,-1,44
0.40000152587890625,-9.215523592009944e-06,1.9460230714983395,-1,44
0.3999977111816406,-3.9327452494575255e-07,1.9460110706179359,-1,44
0.3999958038330078,4.017850007143053e-06,1.946005070152254,1,44
0.3999967575073242,1.8122877412096727e-06,1.9460080703872182,1,44
0.3999972343444824,7.095066070217371e-07,1.9460095705031073,1,44
0.0,1.068814534008747,2.3922634836763916,1,48
0.5,-0.04901853653267407,2.8463704939488594,-1,48
0.25,0.5098979987380357,2.662102061091922,1,48
0.375,0.2304397311026809,2.7635095879369778,1,48
0.4375,0.09071059728500375,2.807175540600804,1,48
0.46875,0.020846030376164393,2.82732496547705,1,48
0.484375,-0.014086253078254618,2.8369850333933795,-1,48
0.4765625,0.0033798886489546653,2.8321894030540737,1,48
0.48046875,-0.005353182214650198,2.8345958089428174,-1,48
0.478515625,-0.0009866467828480996,2.8333947549215686,-1,48
0.4775390625,0.001196620933053616,2.832792616376622,1,48
0.47802734375,0.00010498707510331329,2.8330938199764266,1,48
0.478271484375,-0.000440829853871616,2.8332443210283573,-1,48
0.4781494140625,-0.00016792138938459544,2.8331690788975408,-1,48
0.47808837890625,-3.146715714064108e-05,2.8331314515358104,-1,48
0.478057861328125,3.675995898122508e-05,2.8331126362808297,1,48
0.4780731201171875,2.64640092018098e-06,2.8331220440394964,1,48
0.47808074951171875,-1.4410378110119026e-05,2.833126747820448,-1,48
0.4780769348144531,-5.88198859530209e-06,2.83312439593817,-1,48
0.4780750274658203,-1.617793837560555e-06,2.8331232199908833,-1,48
0.4780740737915039,5.143035417543018e-07,2.833122632015703,1,48
0.4780745506286621,-5.517451475700597e-07,2.833122926003421,-1,48
0.0,1.0913226576843242,2.145331398886437,1,52
0.5,-0.04524056505566931,2.801929462519814,-1,52
0.25,0.523041046314328,2.5499647774755205,1,52
0.375,0.23890024062932969,2.6904251169489424,1,52
0.4375,0.09682983778683019,2.74954125052779,1,52
0.46875,0.025794636365580326,2.776553085041813,1,52
0.484375,-0.009722964345044272,2.789443219021524,-1,52
0.4765625,0.008035836010267916,2.783048932077333,1,52
0.48046875,-0.0008435641673878447,2.786258732811413,-1,52
0.478515625,0.0035961359214400357,2.784657001412898,1,52
0.4794921875,0.0013762858770260955,2.785458658768591,1,52
0.47998046875,0.00026636085481879235,2.785858893631256,1,52
0.480224609375,-0.00028860165628441514,2.7860588626725633,-1,52
0.4801025390625,-1.112040073292242e-05,2.7859588905158517,-1,52
0.48004150390625,0.00012762022704371212,2.7859088951646815,1,52
0.480072021484375,5.8249913155172806e-05,2.78593389361303,1,52
0.4800872802734375,2.3564756211236215e-05,2.7859463922576295,1,52
0.48009490966796875,6.222177738823831e-06,2.7859526414350375,1,52
0.4800987243652344,-2.4491114971603167e-06,2.7859557659875183,-1,52
0.48009681701660156,1.8865331210538017e-06,2.785954203714296,1,52
0.48009777069091797,-2.8128918794223523e-07,2.7859549848516627,-1,52
0.48009729385375977,8.026219666668055e-07,2.785954594283168,1,52
0.0,1.0257471298925904,1.3809079646640876,1,56
0.5,-0.16103530445582415,2.6002627631092596,-1,56
0.25,0.4323559127183829,2.1382316614741197,1,56
0.375,0.13566030413127872,2.393049384397764,1,56
0.4375,-0.012687500162272825,2.5021456342821695,-1,56
0.40625,0.06148640198450295,2.4490116895127065,1,56
0.421875,0.024399450911115395,2.475926197085479,1,56
0.4296875,0.005855975374421174,2.489122122081475,1,56
0.43359375,-0.003415762393925492,2.4956553494272975,-1,56
0.431640625,0.001220106490248174,2.4923941134222183,1,56
0.4326171875,-0.0010978279518389922,2.494026074598051,-1,56
0.43212890625,6.113926920381374e-05,2.4932104299581868,1,56
0.432373046875,-0.0005183443413170341,2.493618336245745,-1,56
0.4322509765625,-0.00022860253605649916,2.493414404096294,-1,56
0.43218994140625,-8.373163342567658e-05,2.4933124222761247,-1,56
0.432159423828125,-1.1296182111264486e-05,2.493261427429415,-1,56
0.4321441650390625,2.4921543547051783e-05,2.4932359290218704,1,56
0.43215179443359375,6.812680718004671e-06,2.493248678307659,1,56
0.4321556091308594,-2.2417506964078626e-06,2.493255052889041,-1,56
0.43215370178222656,2.2854650112424935e-06,2.493251865603476,1,56
0.43215465545654297,2.1857157639360025e-08,2.4932534592475397,1,56
0.43215513229370117,-1.1099467693842513e-06,2.493254256068611,-1,56
0.0,0.9528488693134092,1.163497581644338,1,60
0.5,-0.22452745049441836,2.534707960337634,-1,60
0.25,0.3641607094094954,2.010826773367973,1,60
0.375,0.06981662945753819,2.2986485105689742,1,60
0.4375,-0.07735541051844019,2.4226691992391145,-1,60
0.40625,-0.003769390530450778,2.362199070143977,-1,60
0.390625,0.03302361946354382,2.3308154135655466,1,60
0.3984375,0.01462711446654641,2.346604263978775,1,60
0.40234375,0.0054288619680471495,2.354425817825412,1,60
0.404296875,0.0008297357187985188,2.3583184689232737,1,60
0.4052734375,-0.0014698274058264627,2.3602602741953165,-1,60
0.40478515625,-0.00032004584351419396,2.3592897479204025,-1,60
0.404541015625,0.0002548449376420514,2.358804202536656,1,60
0.4046630859375,-3.2600452935849233e-05,2.3590469987541627,-1,60
0.40460205078125,0.00011112224235332313,2.358925606527202,1,60
0.404632568359375,3.926089470929206e-05,2.3589863041110823,1,60
0.4046478271484375,3.330220886610391e-06,2.3590166518002165,1,60
0.40465545654296875,-1.4635116024619421e-05,2.3590318253690867,-1,60
0.4046516418457031,-5.652447569337582e-06,2.3590242386076263,-1,60
0.4046497344970703,-1.1611133414746178e-06,2.3590204452096644,-1,60
0.4046487808227539,1.0845537730119759e-06,2.359018548506377,1,60
0.4046492576599121,-3.8279784675410156e-08,2.3590194968583793,-1,60
0.0,1.050640360326394,2.2557195323815313,1,64
0.5,-0.07833476867862776,2.821418108862034,-1,64
0.25,0.48615279582388293,2.59874973217511,1,64
0.375,0.20390901357262736,2.7222579646231626,1,64
0.4375,0.06278712244699913,2.774712680777417,1,64
0.46875,-0.0077738231158139826,2.7987687998660498,-1,64
0.453125,0.027506649665592686,2.7869182836863673,1,64
0.4609375,0.009866413274889796,2.792887703566688,1,64
0.46484375,0.0010462950795375736,2.7958392652828934,1,64
0.466796875,-0.0033637640181380934,2.7973067826747604,-1,64
0.4658203125,-0.00115873446930026,2.7965737119122744,-1,64
0.46533203125,-5.6219694881454174e-05,2.7962066606322584,-1,64
0.465087890625,0.0004950376923282818,2.7960230059726747,1,64
0.4652099609375,0.00021940899872330277,2.796114844055436,1,64
0.46527099609375,8.159465192103532e-05,2.7961607550319894,1,64
0.465301513671875,1.2687478519790574e-05,2.796183708504147,1,64
0.4653167724609375,-2.176610818027669e-05,2.796195184736207,-1,64
0.46530914306640625,-4.539314830465102e-06,2.7961894466621775,-1,64
0.4653053283691406,4.074081844995803e-06,2.7961865775936627,1,64
0.46530723571777344,-2.3261649273464968e-07,2.7961880121305454,-1,64
0.46530628204345703,1.9207326757975096e-06,2.79618729486276,1,64
0.46530675888061523,8.440580911983631e-07,2.796187653496817,1,64
0.0,1.2073010806773368,2.429481946070584,1,68
0.5,0.030714896943637493,2.853287616007342,1,68
0.75,-0.5575781949232118,2.9610382040313006,-1,68
0.625,-0.2634316489897873,2.9152878910058515,-1,68
0.5625,-0.11635837602307508,2.8863027091075804,-1,68
0.53125,-0.04282173953971902,2.8702991563619595,-1,68
0.515625,-0.00605342129804054,2.861919558536833,-1,68
0.5078125,0.012330737822798365,2.8576351610892834,1,68
0.51171875,0.003138658262379135,2.8597852490211917,1,68
0.513671875,-0.0014573815178311467,2.860854375585843,-1,68
0.5126953125,0.0008406383722743271,2.8603203053155415,1,68
0.51318359375,-0.00030837157277785465,2.860587463696059,-1,68
0.512939453125,0.0002661333997480142,2.8604539153180912,1,68
0.5130615234375,-2.1119086515364316e-05,2.86052069721003,-1,68
0.51300048828125,0.00012250715661643596,2.8604873081898132,1,68
0.513031005859375,5.06940350504248e-05,2.8605040031813576,1,68
0.5130462646484375,1.4787474267752287e-05,2.860512350316052,1,68
0.5130538940429688,-3.1658061234729473e-06,2.8605165237931307,-1,68
0.5130500793457031,5.81083407213967e-06,2.860514437062114,1,68
0.5130519866943359,1.3225139741113168e-06,2.8605154804295028,1,68
0.5130529403686523,-9.216460747918376e-07,2.860516002111787,-1,68
0.5130524635314941,2.00433949437695e-07,2.860515741270763,1,68
0.0,0.9153295235508379,0.307141225976567,1,72
0.5,-0.158729468819933,2.283265085990398,-1,72
0.25,0.3783000273654531,1.5132694542830876,1,72
0.375,0.10978527927276027,1.9335058300125845,1,72
0.4375,-0.02447209477358614,2.1166040189708144,-1,72
0.40625,0.04265659224958673,2.027160101096084,1,72
0.421875,0.009092248738000741,2.0724008548081234,1,72
0.4296875,-0.007689923017793365,2.0946313082774406,-1,72
0.42578125,0.0007011628601039099,2.083548398133426,1,72
0.427734375,-0.0034943800788447277,2.0890979197241513,-1,72
0.4267578125,-0.0013966086093699648,2.0863251771190354,-1,72
0.42626953125,-0.00034772287463313845,2.0849372923704363,-1,72
0.426025390625,0.0001767199927351637,2.084242971462662,1,72
0.4261474609375,-8.550144094932044e-05,2.0845901634661423,-1,72
0.42608642578125,4.5609275893143675e-05,2.0844165753521864,1,72
0.426116943359375,-1.9946082527644293e-05,2.0845033713810617,-1,72
0.4261016845703125,1.283159668274969e-05,2.084459973859605,1,72
0.42610931396484375,-3.5572429224473012e-06,2.0844816727435784,-1,72
0.4261054992675781,4.6371768800401725e-06,2.0844708233324027,1,72
0.42610740661621094,5.399669786854133e-07,2.0844762480456924,1,72
0.42610836029052734,-1.5086379721029886e-06,2.084478960396561,-1,72
0.42610788345336914,-4.843354963757207e-07,2.084477604221609,-1,72
0.0,1.1940029077578038,2.0278996570006984,1,76
0.5,-0.02500931213370916,2.772206428539195,-1,76
0.25,0.5844967978120474,2.4870543017003928,1,76
0.375,0.27974374283916936,2.6457174426728356,1,76
0.4375,0.1273672153527292,2.7126955904421597,1,76
0.46875,0.051178951609510026,2.7433588913059297,1,76
0.484375,0.013084819737900766,2.7580069426807974,1,76
0.4921875,-0.005962246197904308,2.7651624486334088,-1,76
0.48828125,0.0035612867699978956,2.7615986736600764,1,76
0.490234375,-0.0012004797139533174,2.763384050917173,-1,76
0.4892578125,0.001180403528022289,2.762492235317832,1,76
0.48974609375,-1.0038092965736212e-05,2.7629383613011873,-1,76
0.489501953125,0.0005851827175280544,2.7627153528646144,1,76
0.4896240234375,0.0002875723122821583,2.7628268707205277,1,76
0.48968505859375,0.00013876710965776695,2.762882619420121,1,76
0.489715576171875,6.43645083466815e-05,2.762910491212952,1,76
0.4897308349609375,2.7163207690472646e-05,2.762924426470142,1,76
0.48973846435546875,8.56255736203515e-06,2.7629313939389326,1,76
0.4897422790527344,-7.377678015174638e-07,2.762934877633377,-1,76
0.48974037170410156,3.91239478059191e-06,2.7629331357894835,1,76
0.48974132537841797,1.5873134893151786e-06,2.762934006712262,1,76
0.48974180221557617,4.247728440098797e-07,2.762934442173028,1,76
0.0,1.005687716050164,1.837409311632558,1,80
0.5,-0.07756416814772837,2.7570817798313647,-1,80
0.25,0.4640617739512183,2.4390494742035846,1,80
0.375,0.19324880290174518,2.618096907595753,1,80
0.4375,0.057842317377008845,2.692064984840883,1,80
0.46875,-0.009860925385359876,2.7256455770108143,-1,80
0.453125,0.023990695995824263,2.7091285177057265,1,80
0.4609375,0.007064885305232416,2.7174546714788286,1,80
0.46484375,-0.001398020040063841,2.721566947967837,-1,80
0.462890625,0.0028334326325845094,2.7195150257983083,1,80
0.4638671875,0.0007177062962604452,2.7205420396248883,1,80
0.46435546875,-0.0003401568719019199,2.7210547568229835,-1,80
0.464111328125,0.0001887747121793737,2.72079846400041,1,80
0.4642333984375,-7.569107986071799e-05,2.7209266268533354,-1,80
0.46417236328125,5.654181615866172e-05,2.720862549537593,1,80
0.464202880859375,-9.574631850917115e-06,2.7208945892231053,-1,80
0.4641876220703125,2.3483592153983324e-05,2.7208785696372644,1,80
0.46419525146484375,6.954480151755149e-06,2.720886579494413,1,80
0.4641990661621094,-1.310075850025072e-06,2.7208905843748163,-1,80
0.46419715881347656,2.822202150642994e-06,2.7208885819386293,1,80
0.46419811248779297,7.560631509750948e-07,2.720889583157726,1,80
0.46419858932495117,-2.770063500801001e-07,2.7208900837665224,-1,80
0.0,1.0323630502010381,1.9964948480136187,1,84
0.5,-0.09845557522086312,2.765064112486876,-1,84
0.25,0.4669537374900874,2.471471940283532,1,84
0.375,0.18424908113461247,2.634842316804391,1,84
0.4375,0.04289675295687445,2.7037932503220543,1,84
0.46875,-0.027779411131994447,2.7353619049277236,-1,84
0.453125,0.007558670912440224,2.7198138392357842,1,84
0.4609375,-0.010110370109777334,2.727646545450809,-1,84
0.45703125,-0.0012758495986688878,2.723744908225298,-1,84
0.455078125,0.003141410656885446,2.721783058769588,1,84
0.4560546875,0.0009327805291088342,2.722764903992944,1,84
0.45654296875,-0.00017153453478035985,2.7232551361379627,-1,84
0.456298828125,0.00038062299716457026,2.7230100775845205,1,84
0.4564208984375,0.00010454423119221623,2.723132621239525,1,84
0.45648193359375,-3.349515179396079e-05,2.72319388228313,-1,84
0.456451416015625,3.5524539699238744e-05,2.723163252659947,1,84
0.4564666748046875,1.0146939526389787e-06,2.7231785676961904,1,84
0.45647430419921875,-1.6240228920327837e-05,2.723186225045823,-1,84
0.4564704895019531,-7.6127674839554516e-06,2.7231823963850474,-1,84
0.4564685821533203,-3.299036765547214e-06,2.7231804820441283,-1,84
0.4564676284790039,-1.1421714063430954e-06,2.7231795248710373,-1,84
0.4564671516418457,-6.37387269630807e-08,2.7231790462838332,-1,84
0.0,0.7593242196560919,0.3530610242318125,1,88
0.5,-0.23893605559555342,2.2952904478535716,-1,88
0.25,0.2601940820302686,1.538107263510579,1,88
0.375,0.010629013217356764,1.951300478107989,1,88
0.4375,-0.1141535211890985,2.131371491767435,-1,88
0.40625,-0.05176225398587042,2.0434039527601695,-1,88
0.390625,-0.020566620384256273,1.9978769960386569,-1,88
0.3828125,-0.0049688035834491995,1.974721022791631,-1,88
0.37890625,0.0028301048169541154,1.9630439660075771,1,88
0.380859375,-0.001069349383247653,1.9688907799138238,-1,88
0.3798828125,0.0008803777168531202,1.9659694466134123,1,88
0.38037109375,-9.448583319793258e-05,1.9674306313911138,-1,88
0.380126953125,0.0003929459418281489,1.9667001685697587,1,88
0.3802490234375,0.00014923005431555225,1.967065432367852,1,88
0.38031005859375,2.7372110559253926e-05,1.9672480399757808,1,88
0.380340576171875,-3.3556861319228304e-05,1.967339337707452,-1,88
0.3803253173828125,-3.0923753802092335e-06,1.9672936893476256,-1,88
0.38031768798828125,1.2139867589411324e-05,1.9672708647882067,1,88
0.3803215026855469,4.523746104379001e-06,1.9672822770995422,1,88
0.3803234100341797,7.156853623069281e-07,1.96728798323149,1,88
0.3803243637084961,-1.1883450086180858e-06,1.967290836291535,-1,88
0.3803238868713379,-2.3632982304455652e-07,1.9672894097620062,-1,88
0.0,1.2270572210256525,2.432488336402435,1,92
0.5,0.03334727954799366,2.853844067388557,1,92
0.75,-0.563507691190836,2.961154890229357,-1,92
0.625,-0.2650802058214211,2.915577346948913,-1,92
0.5625,-0.11586646313671367,2.886713083591876,-1,92
0.53125,-0.04125959179436012,2.8707793162467903,-1,92
0.515625,-0.003956156123182897,2.8624370365448564,-1,92
0.5078125,0.014695561712405825,2.858171917019246,1,92
0.51171875,0.005369702794611575,2.8603123140343625,1,92
0.513671875,0.000706773335714006,2.8613766341366293,1,92
0.5146484375,-0.0016246913937347784,2.861907324996439,-1,92
0.51416015625,-0.0004589590290107193,2.8616421019873677,-1,92
0.513916015625,0.00012390715335164337,2.8615093986680793,1,92
0.5140380859375,-0.00016752593782953795,2.861575757979134,-1,92
0.51397705078125,-2.1809392238392178e-05,2.861542580236473,-1,92
0.513946533203125,5.1048880556958665e-05,2.861525989930494,1,92
0.5139617919921875,1.4619744159061199e-05,2.8615342852030374,1,92
0.5139694213867188,-3.5948240399985565e-06,2.8615384327496436,-1,92
0.5139656066894531,5.512460059531321e-06,2.861536358983813,1,92
0.5139675140380859,9.588180100994492e-07,2.8615373958685963,1,92
0.5139684677124023,-1.318003014727509e-06,2.8615379143095874,-1,92
0.5139679908752441,-1.795925026470968e-07,2.8615376550892084,-1,92
0.0,1.043411230510019,2.276871374200396,1,96
0.5,-0.08850016978828523,2.8252403509906934,-1,96
0.25,0.4774555303608672,2.608378625245155,1,96
0.375,0.1944776802862913,2.728536966914441,1,96
0.4375,0.05298875524900293,2.779666555624778,1,96
0.46875,-0.017755707269641485,2.8031340852573834,-1,96
0.453125,0.017616523989681276,2.791572008979789,1,96
0.4609375,-6.959163997977136e-05,2.797395766251591,-1,96
0.45703125,0.008773466174850864,2.7944945920217137,1,96
0.458984375,0.004351937267434991,2.795947852114019,1,96
0.4599609375,0.002141172813728165,2.796672477040706,1,96
0.46044921875,0.0010357905868738637,2.797034288562571,1,96
0.460693359375,0.00048309947344682413,2.797215069130197,1,96
0.4608154296875,0.00020675391673341537,2.797305428120925,1,96
0.46087646484375,6.858113837626689e-05,2.7973505997936723,1,96
0.460906982421875,-5.052508016412105e-07,2.7973731836744733,-1,96
0.4608917236328125,3.4037943787978975e-05,2.797361891897035,1,96
0.46089935302734375,1.6766346492724793e-05,2.7973675378264944,1,96
0.4609031677246094,8.130547845874858e-06,2.7973703607606697,1,96
0.4609050750732422,3.8126485220058015e-06,2.7973717722201177,1,96
0.4609060287475586,1.6536988600712732e-06,2.7973724779479325,1,96
0.4609065055847168,5.742240289929867e-07,2.7973728308113626,1,96
0.0,1.1253427585760518,1.1156758180012447,1,100
0.5,-0.16540427469373542,2.5201064905096136,-1,100
0.25,0.47996924194115853,1.982507174614803,1,100
0.375,0.1572824836237119,2.2776411836652133,1,100
0.4375,-0.004060895535011655,2.404974850713404,-1,100
0.40625,0.07661079404435034,2.342875819120379,1,100
0.421875,0.036274949254668565,2.3743110786462593,1,100
0.4296875,0.016107026859828233,2.389738707943538,1,100
0.43359375,0.006023065662408733,2.3973806334404646,1,100
0.435546875,0.000981085063698428,2.401183695688031,1,100
0.4365234375,-0.0015399052356570575,2.403080760382122,-1,100
0.43603515625,-0.0002794100859788706,2.4021325999822887,-1,100
0.435791015625,0.00035083748885944566,2.4016582408410168,1,100
0.4359130859375,3.571370144039854e-05,2.401895443660732,1,100
0.43597412109375,-0.00012184819226934707,2.4020140276334825,-1,100
0.435943603515625,-4.306724541436324e-05,2.4019547371001373,-1,100
0.4359283447265625,-3.676771987315419e-06,2.4019250907436973,-1,100
0.43592071533203125,1.6018464726874626e-05,2.4019102672930313,1,100
0.4359245300292969,6.170846369668581e-06,2.401917679041068,1,100
0.4359264373779297,1.247037190843514e-06,2.4019213848980585,1,100
0.4359273910522461,-1.2148673977918634e-06,2.401923237822297,-1,100
0.4359269142150879,1.6084896747869948e-08,2.4019223113605324,1,100
0.0,0.8973866113102729,1.4244569661829038,1,104
0.5,-0.21676810947187075,2.6131294185122522,-1,104
0.25,0.3403092509192005,2.1633578081011944,1,104
0.375,0.06177057072366554,2.411619225376642,1,104
0.4375,-0.07749876937410316,2.517761993366781,-1,104
0.40625,-0.007864099325219254,2.4660790746100396,-1,104
0.390625,0.026953235699223255,2.4392025727305424,1,104
0.3984375,0.009544568187002334,2.452728335632244,1,104
0.40234375,0.0008402344308913179,2.4594254826995945,1,104
0.404296875,-0.003511932447163746,2.4627577108024994,-1,104
0.4033203125,-0.001335849008135881,2.4610929563054436,-1,104
0.40283203125,-0.00024780728862250356,2.460259559581967,-1,104
0.402587890625,0.0002962135711341851,2.459842606184573,1,104
0.4027099609375,2.420314125650691e-05,2.460051104141224,1,104
0.40277099609375,-0.00011180207368322037,2.4601553371757108,-1,104
0.402740478515625,-4.379946621391184e-05,2.4601032219870422,-1,104
0.4027252197265625,-9.798162478258376e-06,2.460077163396283,-1,104
0.40271759033203125,7.202489388458133e-06,2.460064133851791,1,104
0.4027214050292969,-1.2978365444560325e-06,2.4600706486447965,-1,104
0.40271949768066406,2.9523264217790057e-06,2.460067391253484,1,104
0.40272045135498047,8.272449385504643e-07,2.460069019950438,1,104
0.40272092819213867,-2.3529580306380637e-07,2.460069834297942,-1,104
0.0,1.0781492719311931,2.120868379142677,1,108
0.5,-0.05977270355137776,2.7977438014816607,-1,108
0.25,0.5091882841899078,2.539546283801973,1,108
0.375,0.2247077903192658,2.683624689159848,1,108
0.4375,0.08246754338394369,2.7441525617046443,1,108
0.46875,0.011347419916282853,2.771790107833074,1,108
0.484375,-0.024212641817546787,2.784974745444265,-1,108
0.4765625,-0.006432610950631634,2.7784346922857877,-1,108
0.47265625,0.002457404482825609,2.775125507776148,1,108
0.474609375,-0.0019876032339030125,2.7767833717258497,-1,108
0.4736328125,0.00023490062446129834,2.775955258324516,1,108
0.47412109375,-0.0008763513047209681,2.776369519587058,-1,108
0.473876953125,-0.00032072534013005694,2.7761624401064267,-1,108
0.4737548828125,-4.291235783404623e-05,2.7760588620044047,-1,108
0.47369384765625,9.599413331318196e-05,2.7760070633618525,1,108
0.473724365234375,2.6540887739123775e-05,2.7760329634824563,1,108
0.4737396240234375,-8.185735047128162e-06,2.77604591294326,-1,108
0.47373199462890625,9.177576345997807e-06,2.7760394382628166,1,108
0.4737358093261719,4.959206494348223e-07,2.776042675615528,1,108
0.4737377166748047,-3.8449071990687145e-06,2.7760442942825168,-1,108
0.4737367630004883,-1.6744932747059238e-06,2.776043484949802,-1,108
0.4737362861633301,-5.8928631307964e-07,2.7760430802828613,-1,108
0.0,1.1051165424076816,2.379789188343272,1,112
0.5,-0.05513638561977818,2.8440369294523786,-1,112
0.25,0.5249900783939518,2.656169300071814,1,112
0.375,0.23492684638708705,2.7596393658323484,1,112
0.4375,0.08989523038365488,2.8041327445626383,1,112
0.46875,0.017379422381937903,2.8246509066356595,1,112
0.484375,-0.01887848161892025,2.8344846785487694,-1,112
0.4765625,-0.0007495296184911737,2.8296030692914504,-1,112
0.47265625,0.008314946381723809,2.827135818651403,1,112
0.474609375,0.0037827083816164286,2.828371650173027,1,112
0.4755859375,0.0015165893815625164,2.8289879111015876,1,112
0.47607421875,0.0003835298815357824,2.8292956280163963,1,112
0.476318359375,-0.00018299986847747363,2.8294493831060956,-1,112
0.4761962890625,0.00010026500652915438,2.829372514174637,1,112
0.47625732421875,-4.13674309740486e-05,2.829410950793672,-1,112
0.476226806640625,2.944878777721982e-05,2.829391733022486,1,112
0.4762420654296875,-5.959321598192346e-06,2.829401342042661,-1,112
0.47623443603515625,1.1744733089846804e-05,2.8293965375662196,1,112
0.4762382507324219,2.892705745605184e-06,2.829398939812852,1,112
0.4762401580810547,-1.5333079264046034e-06,2.829400140929859,-1,112
0.4762392044067383,6.796989098223349e-07,2.829399540371881,1,112
0.4762396812438965,-4.2680450862420116e-07,2.8293998406510013,-1,112
0.0,1.036592185783692,0.08502174446253148,1,116
0.5,-0.2649037805849255,2.2313881834686655,-1,116
0.25,0.3858442025993827,1.4035372279215008,1,116
0.375,0.06047021100722905,1.8560214190128679,1,116
0.4375,-0.10221678478884844,2.0526296264483217,-1,116
0.40625,-0.020873286890809917,1.9566186897924793,-1,116
0.390625,0.019798462058209676,1.9069030790956252,1,116
0.3984375,-0.0005374124163006755,1.931905325742926,-1,116
0.39453125,0.0096305248209545,1.9194404706581374,1,116
0.396484375,0.004546556202326801,1.9256819451283984,1,116
0.3974609375,0.002004571893013951,1.9287958946858492,1,116
0.39794921875,0.0007335797383567488,1.9303511747188629,1,116
0.398193359375,9.808366102848076e-05,1.9311283913186374,1,116
0.3983154296875,-0.0002196643776357643,1.9315168937979288,-1,116
0.39825439453125,-6.079035830364177e-05,1.931322651375668,-1,116
0.398223876953125,1.8646651362308475e-05,1.9312255235515734,1,116
0.3982391357421875,-2.1071853470555624e-05,1.9312740880147172,-1,116
0.39823150634765625,-1.2126010546786858e-06,1.931249805920921,-1,116
0.3982276916503906,8.717025153481828e-06,1.9312376647706915,1,116
0.39822959899902344,3.7522120495125932e-06,1.9312437353544167,1,116
0.39823055267333984,1.269805497861043e-06,1.9312467706398215,1,116
0.39823102951049805,2.8602221258111626e-08,1.9312482882809083,1,116
0.0,1.0438043407260247,2.191411444460036,1,120
0.5,-0.13873314098828105,2.8072890640250776,-1,120
0.25,0.4525355998688725,2.5665097315516134,1,120
0.375,0.1569012294402954,2.7001816960553398,1,120
0.4375,0.009084044226006949,2.756857979904275,1,120
0.46875,-0.06482454838113738,2.7828363938424134,-1,120
0.453125,-0.027870252077565105,2.7700398743697865,-1,120
0.4453125,-0.009393103925779078,2.763497366012813,-1,120
0.44140625,-0.00015452984988595375,2.7601898174150623,-1,120
0.439453125,0.0044647571880602754,2.7585269392032337,1,120
0.4404296875,0.002155113669086939,2.7593591378874236,1,120
0.44091796875,0.0010002919096006035,2.759774667476456,1,120
0.441162109375,0.0004228810298572139,2.7599822898934154,1,120
0.4412841796875,0.000134175589985297,2.760086065515073,1,120
0.44134521484375,-1.0177129950106334e-05,2.7601379444301424,-1,120
0.441314697265625,6.19992300179284e-05,2.7601120057138924,1,120
0.4413299560546875,2.591105003380001e-05,2.760124975257337,1,120
0.44133758544921875,7.866960042068882e-06,2.760131459890069,1,120
0.4413414001464844,-1.1550849543517927e-06,2.7601347021716887,-1,120
0.44133949279785156,3.3559375434144556e-06,2.760133081033774,1,120
0.44134044647216797,1.1004262945313315e-06,2.7601338916034543,1,120
0.44134092330932617,-2.7329329466141417e-08,2.760134296887752,-1,120
0.0,1.0521814020891376,1.9053342523828356,1,124
0.5,-0.06862149422787867,2.7645956371649767,-1,124
0.25,0.49177995393062934,2.457557638481331,1,124
0.375,0.2115792298513759,2.630143732554073,1,124
0.4375,0.07147886781174861,2.7016592592177657,1,124
0.46875,0.0014286867919348634,2.7341575678169225,1,124
0.484375,-0.03359640371797212,2.7496296321657385,-1,124
0.4765625,-0.016083858463017853,2.7419573888419704,-1,124
0.47265625,-0.007327585835541717,2.7380734945908047,-1,124
0.470703125,-0.0029494495218032046,2.7361195440690387,-1,124
0.4697265625,-0.0007603813649346147,2.7351395602699644,-1,124
0.46923828125,0.0003341527135001243,2.734648815264701,1,124
0.469482421875,-0.00021311432571713418,2.7348942505551777,-1,124
0.4693603515625,6.0519193891606093e-05,2.734771548609082,1,124
0.46942138671875,-7.629756591276404e-05,2.7348329035066428,-1,124
0.469390869140625,-7.889186010245908e-06,2.7348022270390238,-1,124
0.4693756103515625,2.631500394056907e-05,2.734786888069348,1,124
0.46938323974609375,9.212908964828515e-06,2.73479455761551,1,124
0.4693870544433594,6.618614771802811e-07,2.7347983923425976,1,124
0.4693889617919922,-3.6136622665328133e-06,2.7348003096946436,-1,124
0.4693880081176758,-1.4759003945652438e-06,2.734799351019579,-1,124
0.4693875312805176,-4.0701945858145905e-07,2.734798871681328,-1,124
0.0,1.0124922305840616,1.8008687252212159,1,128
0.5,-0.09326338289040126,2.717510335832463,-1,128
0.25,0.45961442384683004,2.371350994915888,1,128
0.375,0.18317552047821395,2.5637038766625695,1,128
0.4375,0.04495606879390612,2.6450440165821862,1,128
0.46875,-0.024153657048247235,2.6823537281063508,-1,128
0.453125,0.010401205872829333,2.6639715751946738,1,128
0.4609375,-0.006876225587709062,2.673230351982996,-1,128
0.45703125,0.0017624901425599138,2.668617946160115,1,128
0.458984375,-0.002556867722574685,2.670928387409911,-1,128
0.4580078125,-0.0003971887900073856,2.669774227275183,-1,128
0.45751953125,0.00068265067627582,2.6691963519540405,1,128
0.457763671875,0.0001427309431347723,2.6694853559094494,1,128
0.4578857421875,-0.00012722892343619563,2.669629808164245,-1,128
0.45782470703125,7.751009849066293e-06,2.669557586180052,1,128
0.457855224609375,-5.973895679356467e-05,2.6695936982079225,-1,128
0.4578399658203125,-2.5993973472138165e-05,2.669575642452934,-1,128
0.45783233642578125,-9.121481811646959e-06,2.6695666143812304,-1,128
0.4578285217285156,-6.852359810682884e-07,2.669562100296826,-1,128
0.4578266143798828,3.53288693388798e-06,2.6695598432424847,1,128
0.4578275680541992,1.4238254764098457e-06,2.6695609717706663,1,128
0.4578280448913574,3.692947472266894e-07,2.6695615360339984,1,128
0.0,0.8613521615634001,0.6373700029514777,1,132
0.5,-0.1743222758772205,2.3753147099035763,-1,132
0.25,0.3435149428430906,1.6995069268286735,1,132
0.375,0.08459633348293538,2.0685322278183857,1,132
0.4375,-0.04486297119714289,2.229187285863116,-1,132
0.40625,0.019866681142896025,2.150719522562124,1,132
0.421875,-0.01249814502712332,2.1904118238766856,-1,132
0.4140625,0.003684268057886353,2.170681022563988,1,132
0.41796875,-0.004406938484618372,2.180575163276594,-1,132
0.416015625,-0.0003613352133655656,2.175635289824488,-1,132
0.4150390625,0.0016614664222602826,2.1731599569299527,1,132
0.41552734375,0.0006500656044472475,2.1743980733713895,1,132
0.415771484375,0.00014436519554061888,2.1750167940728535,1,132
0.4158935546875,-0.00010848500891258439,2.1753260700644517,-1,132
0.41583251953125,1.794009331423929e-05,2.1751714390979657,1,132
0.415863037109375,-4.527245779928357e-05,2.175248756338491,-1,132
0.4158477783203125,-1.3666182242078051e-05,2.1752100981575557,-1,132
0.41584014892578125,2.1369555360806203e-06,2.1751907687375933,1,132
0.4158439636230469,-5.764613353109738e-06,2.175200433475032,-1,132
0.41584205627441406,-1.8138289092917148e-06,2.175195601113177,-1,132
0.41584110260009766,1.6156331317240813e-07,2.1751931849271005,1,132
0.41584157943725586,-8.261327972824972e-07,2.175194393020568,-1,132
0.0,1.151028247310607,2.416517207276606,1,136
0.5,-0.01415449737130503,2.8508880835667654,-1,136
0.25,0.5684368749696516,2.673656511811262,1,136
0.375,0.2771411887991735,2.771031228408568,1,136
0.4375,0.13149334571393445,2.813079075242993,1,136
0.46875,0.0586694241713146,2.8325077464336266,1,136
0.484375,0.02225746340000523,2.841828413455119,1,136
0.4921875,0.004051483014350099,2.84639081515443,1,136
0.49609375,-0.005051507178477133,2.8486475843832433,-1,136
0.494140625,-0.0005000120820635168,2.847521234327361,-1,136
0.4931640625,0.0017757354661436242,2.846956533483233,1,136
0.49365234375,0.0006378616920399427,2.8472390110779378,1,136
0.493896484375,6.892480498810194e-05,2.8473801544942017,1,136
0.4940185546875,-0.00021554363853781844,2.8474507023584685,-1,136
0.49395751953125,-7.33094167746362e-05,2.847415430413282,-1,136
0.493927001953125,-2.192305893045088e-06,2.847397792950482,-1,136
0.4939117431640625,3.3366249547528426e-05,2.847388973846527,1,136
0.49391937255859375,1.558697182724167e-05,2.847393383429551,1,136
0.4939231872558594,6.697332966654201e-06,2.8473955881977773,1,136
0.4939250946044922,2.252513536582512e-06,2.84739669057607,1,136
0.4939260482788086,3.010382187973448e-08,2.847397241763761,1,136
0.4939265251159668,-1.0811010355826767e-06,2.847397517357243,-1,136
0.0,1.1187002002256097,2.3765996509976466,1,140
0.5,-0.038945010946631387,2.843506948308494,-1,140
0.25,0.5398775946394887,2.6547342897895336,1,140
0.375,0.25046629184642843,2.7587309282906722,1,140
0.4375,0.10576064044989852,2.8034298769298065,1,140
0.46875,0.03340781475163346,2.8240383472425967,1,140
0.484375,-0.0027685980974991864,2.8339143493283068,-1,140
0.4765625,0.015319608327067469,2.8290118633041663,1,140
0.48046875,0.006275505114784474,2.8314719733695273,1,140
0.482421875,0.0017534535086423109,2.8326953766934597,1,140
0.4833984375,-0.0005075722944283267,2.833305416672396,-1,140
0.48291015625,0.0006229406071072141,2.833000535120013,1,140
0.483154296875,5.768415633933266e-05,2.8331530105027545,1,140
0.4832763671875,-0.00022494406904471909,2.833229222238874,-1,140
0.48321533203125,-8.362995635269321e-05,2.83319111853368,-1,140
0.483184814453125,-1.2972900006236188e-05,2.83317206505894,-1,140
0.4831695556640625,2.2355628166659258e-05,2.8331625379160275,1,140
0.48317718505859375,4.691364079878468e-06,2.8331673015212786,1,140
0.4831809997558594,-4.14076796317886e-06,2.8331696832985576,-1,140
0.48317909240722656,2.7529805834980436e-07,2.833168492412031,1,140
0.48318004608154297,-1.932734952969639e-06,2.8331690878558224,-1,140
0.48317956924438477,-8.287184469768505e-07,2.833168790134059,-1,140
0.0,1.018572460471526,0.8294099552378275,1,144
0.5,-0.13519564148670948,2.4327103796239316,-1,144
0.25,0.4416884094924085,1.812498261692937,1,144
0.375,0.15324638400284973,2.1517105835139168,1,144
0.4375,0.009025371258070125,2.2989867051165005,1,144
0.46875,-0.06308513511431979,2.367505726497681,-1,144
0.453125,-0.027029881928125166,2.3336642154250593,-1,144
0.4453125,-0.00900225533502752,2.3164304976210266,-1,144
0.44140625,1.1557961521191373e-05,2.307734932756541,1,144
0.443359375,-0.0044953486867533865,2.3120892888074454,-1,144
0.4423828125,-0.0022418953626155425,2.3099137553261904,-1,144
0.44189453125,-0.0011151687005475086,2.3088247553210763,-1,144
0.441650390625,-0.0005518053695128255,2.308279946876771,-1,144
0.4415283203125,-0.000270123703995262,2.308007465528405,-1,144
0.44146728515625,-0.00012928287123736837,2.307871205570693,-1,144
0.441436767578125,-5.88624548580885e-05,2.3078030707707073,-1,144
0.4414215087890625,-2.3652246668115495e-05,2.3077690021654016,-1,144
0.44141387939453125,-6.047142573573083e-06,2.3077519675614155,-1,144
0.4414100646972656,2.7554094739201673e-06,2.3077434501840894,1,144
0.44141197204589844,-1.645866549493391e-06,2.3077477088790306,-1,144
0.44141101837158203,5.547714618803212e-07,2.307745579533129,1,144
0.44141149520874023,-5.455475440285795e-07,2.3077466442064725,-1,144
0.0,1.0064034496584557,1.6602227373576468,1,148
0.5,-0.09781582398959365,2.6802290115747516,-1,148
0.25,0.4542938128344314,2.295855899235801,1,148
0.375,0.17823899442241853,2.50896864296322,1,148
0.4375,0.04021158521641266,2.5994117416096345,1,148
0.46875,-0.028802119386590386,2.6409885192453575,-1,148
0.453125,0.005704732914911137,2.620495956475191,1,148
0.4609375,-0.011548693235839513,2.6308156864522436,-1,148
0.45703125,-0.002921980160464299,2.625674244885519,-1,148
0.455078125,0.001391376377223752,2.623089714385731,1,148
0.4560546875,-0.0007653018916204957,2.6243831320721145,-1,148
0.45556640625,0.0003130372428015171,2.6237367114612367,1,148
0.455810546875,-0.00022613232440904518,2.6240599938093205,-1,148
0.4556884765625,4.3452459195902904e-05,2.6238983706478667,1,148
0.45574951171875,-9.133993260657114e-05,2.6239791867315003,-1,148
0.455718994140625,-2.3943736705556162e-05,2.6239387798154405,-1,148
0.4557037353515625,9.75436124517337e-06,2.623918575513097,1,148
0.45571136474609375,-7.094687729969351e-06,2.6239286777346282,-1,148
0.4557075500488281,1.3298367578240544e-06,2.623923626641453,1,148
0.45570945739746094,-2.882425486294693e-06,2.6239261521924377,-1,148
0.45570850372314453,-7.762943643463416e-07,2.6239248894180447,-1,148
0.45570802688598633,2.767711966278341e-07,2.6239242580300233,1,148
0.0,1.0254207952152001,1.9826291896765793,1,152
0.5,-0.08521198221953008,2.7754739735002616,-1,152
0.25,0.47010440649783547,2.4843845633431556,1,152
0.375,0.19244621213915303,2.6476288918140924,1,152
0.4375,0.053617114959811696,2.7155720264516217,1,152
0.46875,-0.015797433629859414,2.746491921272607,-1,152
0.453125,0.01890984066497614,2.731278245213245,1,152
0.4609375,0.0015562035175586963,2.7389461182841117,1,152
0.46484375,-0.007120615056150026,2.74273421444719,-1,152
0.462890625,-0.002782205769295887,2.7408439729352816,-1,152
0.4619140625,-0.0006130011258684842,2.7398959982493585,-1,152
0.46142578125,0.000471601195844773,2.739421296551903,1,152
0.461669921875,-7.069996501218867e-05,2.7396587069562397,-1,152
0.4615478515625,0.00020045061541629217,2.739540016644932,1,152
0.46160888671875,6.487532520238481e-05,2.7395993655230573,1,152
0.461639404296875,-2.9123199047909054e-06,2.739629037170235,-1,152
0.4616241455078125,3.098150264824184e-05,2.7396142015792964,1,152
0.46163177490234375,1.4034591371947513e-05,2.739621619432928,1,152
0.4616355895996094,5.5611357330231925e-06,2.739625328316122,1,152
0.4616374969482422,1.3244079142271659e-06,2.7396271827468137,1,152
0.4616384506225586,-7.939559949488029e-07,2.7396281099594333,-1,152
0.4616379737854004,2.652259598612261e-07,2.739627646353351,1,152
0.0,0.9877933607381908,2.2796650771328455,1,156
0.5,-0.15015376851099083,2.824910064205829,-1,156
0.25,0.4188197961135993,2.6086084321679386,1,156
0.375,0.13433301380130436,2.7283462828676783,1,156
0.4375,-0.00791037735484279,2.7793788689325103,-1,156
0.40625,0.06321131822323034,2.754564552077655,1,156
0.421875,0.02765047043419333,2.76714520771174,1,156
0.4296875,0.009870046539675492,2.773305182349685,1,156
0.43359375,0.000979834592416129,2.776352784012904,1,156
0.435546875,-0.0034652713812137748,2.777868512681404,-1,156
0.4345703125,-0.001242718394399045,2.7771113203192606,-1,156
0.43408203125,-0.00013144190099145803,2.7767322202118705,-1,156
0.433837890625,0.00042419634571233544,2.776542544130446,1,156
0.4339599609375,0.0001463772223604387,2.7766373926748464,1,156
0.43402099609375,7.46766068449034e-06,2.7766848090691765,1,156
0.434051513671875,-6.198712015370589e-05,2.7767085152969657,-1,156
0.4340362548828125,-2.7259729734607774e-05,2.7766966623471827,-1,156
0.43402862548828125,-9.89603452472565e-06,2.776690735749208,-1,156
0.4340248107910156,-1.2141869203396993e-06,2.7766877724194496,-1,156
0.4340229034423828,3.126736882297365e-06,2.776686290746878,1,156
0.4340238571166992,9.56274980978833e-07,2.7766870315838053,1,156
0.4340243339538574,-1.2895596990247782e-07,2.7766874020017887,-1,156
0.0,1.0435709641603284,0.00562620976761546,1,160
0.5,-0.31926640384730387,2.2175681330224406,-1,160
0.25,0.3621522801565109,1.3734172525001052,1,160
0.375,0.02144293815460374,1.8351484380245566,1,160
0.4375,-0.1489117328463494,2.0355024608376615,-1,160
0.40625,-0.06373439734587305,1.937678313914098,-1,160
0.390625,-0.021145729595634544,1.8870120627661346,-1,160
0.3828125,0.0001486042794842657,1.861231380861662,1,160
0.38671875,-0.010498562658074695,1.874159314974902,-1,160
0.384765625,-0.005174979189295437,1.8677047694339912,-1,160
0.3837890625,-0.0025131874549044753,1.864470433469425,-1,160
0.38330078125,-0.0011822915877102158,1.8628514971162689,-1,160
0.383056640625,-0.0005168436541123089,1.8620415865230935,-1,160
0.3829345703125,-0.00018411968731357753,1.8616365205817256,-1,160
0.38287353515625,-1.7757703913989786e-05,1.861433959944759,-1,160
0.382843017578125,6.542328778524897e-05,1.8613326727090675,1,160
0.3828582763671875,2.3832791935740616e-05,1.8613833169033664,1,160
0.38286590576171875,3.037544010986437e-06,1.8614086385681745,1,160
0.3828697204589844,-7.360079951501675e-06,1.8614212992924946,-1,160
0.38286781311035156,-2.1612679705906856e-06,1.8614149689393416,-1,160
0.38286685943603516,4.3813802008685343e-07,1.8614118037560095,1,160
0.38286733627319336,-8.61564975584983e-07,1.861413386348238,-1,160
0.0,1.0664586947184345,2.3196618028193727,1,164
0.5,-0.07587191204831867,2.83264575552609,-1,164
0.25,0.49529339133505834,2.627609618724017,1,164
0.375,0.20971073964336973,2.7409097263220565,1,164
0.4375,0.06691941379752553,2.7893503524059344,1,164
0.46875,-0.004476249125396459,2.8116303884908933,-1,164
0.453125,0.031221582336064424,2.800649635917255,1,164
0.4609375,0.013372666605333983,2.8061796708096916,1,164
0.46484375,0.004448208739968429,2.8089149254788115,1,164
0.466796875,-1.4020192714347957e-05,2.8102751286441396,-1,164
0.4658203125,0.0022170942736279287,2.8095956452610915,1,164
0.46630859375,0.0011015370404567904,2.8099355414667677,1,164
0.466552734375,0.0005437584238714432,2.810105373679537,1,164
0.4666748046875,0.0002648691155784366,2.810190260817303,1,164
0.46673583984375,0.0001254244614328215,2.8102326971445173,1,164
0.466766357421875,5.5702134359236766e-05,2.8102539134977698,1,164
0.4667816162109375,2.084097082266645e-05,2.810264521221814,1,164
0.46678924560546875,3.4103890544923132e-06,2.8102698249706917,1,164
0.4667930603027344,-5.30490182937271e-06,2.8102724768168437,-1,164
0.46679115295410156,-9.472563875512208e-07,2.810271150896125,-1,164
0.46679019927978516,1.2315663331374793e-06,2.8102704879339973,1,164
0.46679067611694336,1.4215497268210697e-07,2.810270819415208,1,164
0.0,1.1303516108678635,2.0292462172183723,1,168
0.5,-0.04205213449812506,2.7826698670357977,-1,168
0.25,0.5441497381848694,2.5021656681633893,1,168
0.375,0.2510488018433725,2.6592281225043477,1,168
0.4375,0.10449833367262329,2.7247915415686976,1,168
0.46875,0.03122309958724978,2.7546588797187543,1,168
0.484375,-0.005414517455437862,2.768892946504551,-1,168
0.4765625,0.01290429106590607,2.761833466659707,1,168
0.48046875,0.0037448868052343265,2.7653775422719047,1,168
0.482421875,-0.0008348153251014345,2.7671388218492345,-1,168
0.4814453125,0.001455035740066668,2.766259077227955,1,168
0.48193359375,0.0003101102074822837,2.7666991732298296,1,168
0.482177734375,-0.0002623525588099085,2.7669190534497945,-1,168
0.4820556640625,2.3878824336076576e-05,2.7668091273189432,1,168
0.48211669921875,-0.00011923686723647187,2.7668640938789566,-1,168
0.482086181640625,-4.767902145030867e-05,2.7668366114726215,-1,168
0.4820709228515625,-1.1900098557005023e-05,2.7668228696142037,-1,168
0.48206329345703125,5.989362889424754e-06,2.7668159985211793,1,168
0.4820671081542969,-2.9553678333460454e-06,2.766819434081343,-1,168
0.48206520080566406,1.5169975275952652e-06,2.7668177163046743,1,168
0.48206615447998047,-7.191851525423232e-07,2.7668185751938617,-1,168
0.48206567764282227,3.989061876374933e-07,2.7668181457494816,1,168
0.0,0.9035595399589775,1.5810911250098214,1,172
0.5,-0.17944306752888828,2.658269274114488,-1,172
0.25,0.3620582362150442,2.252138938939753,1,172
0.375,0.09130758434307795,2.476986650550126,1,172
0.4375,-0.04406774159290472,2.5726395545368264,-1,172
0.40625,0.023619921375086728,2.526106182322441,1,172
0.421875,-0.010223910108908996,2.5496904188524714,-1,172
0.4140625,0.006698005633088755,2.537978355460674,1,172
0.41796875,-0.0017629522379101203,2.5438543146338444,-1,172
0.416015625,0.0024675266975890953,2.540921327515397,1,172
0.4169921875,0.00035228722983937644,2.5423890678556087,1,172
0.41748046875,-0.000705332504035372,2.5431220027739525,-1,172
0.417236328125,-0.00017652263709799776,2.542755613217796,-1,172
0.4171142578125,8.788229637080036e-05,2.542572360015049,1,172
0.41717529296875,-4.432017036415381e-05,2.542663991485685,-1,172
0.417144775390625,2.1781063003434298e-05,2.5426181769677227,1,172
0.4171600341796875,-1.1269553680248734e-05,2.5426410845310388,-1,172
0.41715240478515625,5.25575466148176e-06,2.542629630825464,1,172
0.4171562194824219,-3.006899509383487e-06,2.5426353576972724,-1,172
0.41715431213378906,1.1244275763822031e-06,2.542632494266123,1,172
0.41715526580810547,-9.41235966500642e-07,2.5426339259828863,-1,172
0.41715478897094727,9.159580494078057e-08,2.5426332101248015,1,172
0.0,0.9672916486777787,0.9306932662165602,1,176
0.5,-0.23400634385365615,2.463521195438135,-1,176
0.25,0.36664265241205984,1.8726091156195472,1,176
0.375,0.06631815427920262,2.1961711707909948,1,176
0.4375,-0.08384409478722787,2.3363786806109834,-1,176
0.40625,-0.008762970254012181,2.2679508013679155,-1,176
0.390625,0.028777592012595443,2.232486676572484,1,176
0.3984375,0.010007310879291076,2.2503242532479537,1,176
0.40234375,0.0006221703126392253,2.2591637985361714,1,176
0.404296875,-0.004070399970686367,2.263563854715861,-1,176
0.4033203125,-0.001724114829023904,2.261365466930904,-1,176
0.40283203125,-0.0005509722581922283,2.260265043012935,-1,176
0.402587890625,3.5599027223609525e-05,2.25971452336989,1,176
0.4027099609375,-0.00025768661548419836,2.2599898088370565,-1,176
0.40264892578125,-0.00011104379413007237,2.2598521725152834,-1,176
0.402618408203125,-3.77223834531204e-05,2.259783349545588,-1,176
0.4026031494140625,-1.0616781149774823e-06,2.2597489368584966,-1,176
0.40259552001953125,1.7268674554538066e-05,2.2597317302143822,1,176
0.4025993347167969,8.103498219558247e-06,2.2597403335614867,1,176
0.4026012420654297,3.5209100524014048e-06,2.259744635216254,1,176
0.4026021957397461,1.2296159690450281e-06,2.25974678603894,1,176
0.4026026725769043,8.396892670070599e-08,2.259747861449109,1,176
0.0,0.9595396386183961,2.34671651699249,1,180
0.5,-0.10517487844021223,2.8379998822935244,-1,180
0.25,0.4271823800890924,2.64069421434494,1,180
0.375,0.16100375082443996,2.7495933452877717,1,180
0.4375,0.027914436192113756,2.7962492420653646,1,180
0.46875,-0.03863022112404968,2.817728221460986,-1,180
0.453125,-0.005357892465968073,2.8071406777469483,-1,180
0.4453125,0.011278271863072842,2.801733088327998,1,180
0.44921875,0.0029601896985524956,2.8044463968024367,1,180
0.451171875,-0.0011988513837073445,2.805795913476434,-1,180
0.4501953125,0.0008806691574225756,2.805121749467459,1,180
0.45068359375,-0.0001590911131421624,2.8054589800191088,-1,180
0.450439453125,0.00036078902214065067,2.8052904018844202,1,180
0.4505615234375,0.00010084895449891107,2.8053747002365044,1,180
0.45062255859375,-2.9121079321736687e-05,2.805416842448923,-1,180
0.450592041015625,3.586393758858719e-05,2.805395771923002,1,180
0.4506072998046875,3.371429133425252e-06,2.8054063073310336,1,180
0.45061492919921875,-1.2874825094044695e-05,2.8054115749262456,-1,180
0.4506111145019531,-4.751697980198699e-06,2.8054089411377063,-1,180
0.4506092071533203,-6.901344233867235e-07,2.8054076242366364,-1,180
0.4506082534790039,1.340647354908242e-06,2.805406965784402,1,180
0.4506087303161621,3.252564655387147e-07,2.8054072950106614,1,180
0.0,1.2545813365791862,2.428458868925711,1,184
0.5,0.06322101424989768,2.853098379794167,1,184
0.75,-0.5324591469147469,2.960998481500778,-1,184
0.625,-0.2346190663324249,2.9151894208466067,-1,184
0.5625,-0.085699026041264,2.8861631316931753,-1,184
0.53125,-0.011239005895683052,2.8701358555140013,-1,184
0.515625,0.025991004177106758,2.8617435714127204,1,184
0.5234375,0.007375999140712075,2.865971298130429,1,184
0.52734375,-0.0019315033774858215,2.8680614699574,-1,184
0.525390625,0.002722247881613127,2.867018357681554,1,184
0.5263671875,0.00039537225206354165,2.8675404071830894,1,184
0.52685546875,-0.0007680655627109179,2.8678010619055603,-1,184
0.526611328125,-0.00018634665532379913,2.867670765378846,-1,184
0.5264892578125,0.00010451279836987126,2.8676055939896856,1,184
0.52655029296875,-4.091692847696393e-05,2.867638181611434,-1,184
0.526519775390625,3.1797934946453665e-05,2.8676218882823536,1,184
0.5265350341796875,-4.559496765033089e-06,2.8676300350673416,-1,184
0.5265274047851562,1.3619219090488244e-05,2.8676259617049595,1,184
0.5265312194824219,4.5298611630606445e-06,2.867627998393679,1,184
0.5265331268310547,-1.4817800986222096e-08,2.867629016732393,-1,184
0.5265321731567383,2.257521680926189e-06,2.8676285075635057,1,184
0.5265326499938965,1.1213519395258942e-06,2.8676287621480667,1,184
0.0,0.9194047789013111,0.5359328094446882,1,188
0.5,-0.1448003195389469,2.3458813364403226,-1,188
0.25,0.387302229681183,1.6408023453830813,1,188
0.375,0.12125095507111827,2.0256218462825784,1,188
0.4375,-0.011774682233914424,2.193291240734452,-1,188
0.40625,0.054738136418601924,2.1113863752615356,1,188
0.421875,0.021481727092343306,2.1528145724898247,1,188
0.4296875,0.004853522429214774,2.173171111605155,1,188
0.43359375,-0.003460579902349936,2.1832606413224602,-1,188
0.431640625,0.0006964712634327519,2.1782232532558856,1,188
0.4326171875,-0.0013820543194589252,2.1807437901582336,-1,188
0.43212890625,-0.0003427915280131977,2.179483982589442,-1,188
0.431884765625,0.0001768398677097771,2.1788537331639866,1,188
0.4320068359375,-8.297583015215437e-05,2.17916888668445,-1,188
0.43194580078125,4.693201877925546e-05,2.179011317126476,1,188
0.431976318359375,-1.8021905686227413e-05,2.179090103705987,-1,188
0.4319610595703125,1.4455056546625045e-05,2.1790507108663677,1,188
0.43196868896484375,-1.7834245702452733e-06,2.1790704073987106,-1,188
0.4319648742675781,6.335815987856819e-06,2.179060559160672,1,188
0.43196678161621094,2.2761957090278173e-06,2.179065483286725,1,188
0.43196773529052734,2.463855697243389e-07,2.1790679453444763,1,188
0.43196821212768555,-7.685195002604672e-07,2.1790691763720322,-1,188
0.0,1.1409610352674115,1.871654005498655,1,192
0.5,-0.05272187365151759,2.7353218894815523,-1,192
0.25,0.5441195808079464,2.4082225234904735,1,192
0.375,0.24569885357821453,2.5901306989354618,1,192
0.4375,0.09648848996334869,2.666958992264119,1,192
0.46875,0.021883308155915104,2.7021676970337265,1,192
0.484375,-0.015419282747801244,2.7189983900984522,-1,192
0.4765625,0.0032320127040574853,2.7106468187254746,1,192
0.48046875,-0.006093635021871879,2.7148384996310546,-1,192
0.478515625,-0.001430811158907419,2.712746638954042,-1,192
0.4775390625,0.0009006007725749221,2.7116977245387917,1,192
0.47802734375,-0.0002651051931663595,2.7122224305763987,-1,192
0.477783203125,0.0003177477897042813,2.711960139776913,1,192
0.4779052734375,2.6321298269182947e-05,2.7120913007300054,1,192
0.47796630859375,-0.0001193919474486993,2.7121568695413543,-1,192
0.477935791015625,-4.6535324589758176e-05,2.7121240861077416,-1,192
0.4779205322265625,-1.0107013160620681e-05,2.712107693661892,-1,192
0.47791290283203125,8.10714255417011e-06,2.712099497256704,1,192
0.4779167175292969,-9.999353027811964e-07,2.7121035954744865,-1,192
0.47791481018066406,3.553603626027524e-06,2.7121015463693925,1,192
0.47791576385498047,1.2768341615121415e-06,2.712102570922888,1,192
0.47791624069213867,1.3844942903240565e-07,2.7121030831989246,1,192
0.0,1.0278900811860991,1.8726698698254238,1,196
0.5,-0.06454232315805863,2.760591474478162,-1,196
0.25,0.48167387901402003,2.4476934276416085,1,196
0.375,0.2085657779279806,2.6237211195712806,1,196
0.4375,0.07201172738496076,2.696544971038994,1,196
0.46875,0.0037347021134510605,2.7296207786063524,1,196
0.484375,-0.030403810522303898,2.745364522634607,-1,196
0.4765625,-0.013334554204426752,2.7375578095285147,-1,196
0.47265625,-0.004799926045487624,2.7336056565553823,-1,196
0.470703125,-0.0005326119660185036,2.7316173174768683,-1,196
0.4697265625,0.0016010450737165005,2.7306200741862208,1,196
0.47021484375,0.0005342165538486654,2.7311189522208603,1,196
0.470458984375,8.022939155249986e-07,2.731368198927883,1,196
0.4705810546875,-0.00026590483605137827,2.7314927742198445,-1,196
0.47052001953125,-0.0001325512710677046,2.7314304905785174,-1,196
0.470489501953125,-6.587448857642286e-05,2.731399345754399,-1,196
0.4704742431640625,-3.2536097330559954e-05,2.731383772591446,-1,196
0.47046661376953125,-1.5866901707850545e-05,2.7313759858222415,-1,196
0.4704627990722656,-7.5323038959407285e-06,2.7313720923907057,-1,196
0.4704608917236328,-3.365004990651954e-06,2.731370145663206,-1,196
0.4704599380493164,-1.2813555374524555e-06,2.7313691722965228,-1,196
0.4704594612121582,-2.39530811185773e-07,2.7313686856124466,-1,196
0.0,1.2298635217319527,2.1381197910465994,1,200
0.5,0.002372537128456642,2.7962267263444356,1,200
0.75,-0.6113729551732914,2.9474655793086244,-1,200
0.625,-0.30450020902241726,2.884044829666028,-1,200
0.5625,-0.15106383594698025,2.8432303880305594,-1,200
0.53125,-0.07434564940926203,2.8205119757566313,-1,200
0.515625,-0.03598655614040247,2.808566712050564,-1,200
0.5078125,-0.016807009505973136,2.8024462667803047,-1,200
0.50390625,-0.007217236188758358,2.7993489106086025,-1,200
0.501953125,-0.002422349530150969,2.7977909254605127,-1,200
0.5009765625,-2.4906200847052418e-05,2.79700960308749,-1,200
0.50048828125,0.0011738154638045728,2.796618359067405,1,200
0.500732421875,0.0005744546314787602,2.7968140296583957,1,200
0.5008544921875,0.00027477421531574286,2.7969118285173167,1,200
0.50091552734375,0.00012493400723401216,2.7969607188383887,1,200
0.500946044921875,5.001390319359089e-05,2.7969851617219224,1,200
0.5009613037109375,1.2553851173269237e-05,2.7969973825944496,1,200
0.5009689331054688,-6.176174837113635e-06,2.7970034928884058,-1,200
0.5009651184082031,3.1888381679667788e-06,2.7970004377532867,1,200
0.5009670257568359,-1.4936683347954727e-06,2.797001965323811,-1,200
0.5009660720825195,8.475849171407646e-07,2.79700120153929,1,200
0.5009665489196777,-3.2304170871633175e-07,2.7970015834317357,-1,200
0.0,0.9339356684142659,0.1520563131866137,1,204
0.5,-0.19903624434940248,2.245631083057798,-1,204
0.25,0.3674497120324307,1.4341443536813498,1,204
0.375,0.08420673384151445,1.8774234710383804,1,204
0.4375,-0.05741475525394435,2.0702412459783117,-1,204
0.40625,0.013395989293785382,1.9760687409340667,1,204
0.421875,-0.022009382980079373,2.023705548337694,-1,204
0.4140625,-0.004306696843147995,2.000025762633374,-1,204
0.41015625,0.004544646225318916,1.988082036134205,1,204
0.412109375,0.00011897469108590464,1.9940625788992419,1,204
0.4130859375,-0.002093861076030379,1.99704633860374,-1,204
0.41259765625,-0.000987443192471904,1.9955550009646936,-1,204
0.412353515625,-0.0004342342506935548,1.9948089255171157,-1,204
0.4122314453125,-0.000157629779803381,1.9944357861084536,-1,204
0.41217041015625,-1.932754435829409e-05,1.9942491909794156,-1,204
0.412139892578125,4.982357336369425e-05,1.9941558870582834,1,204
0.4121551513671875,1.5248014501922924e-05,1.9942025395485803,1,204
0.41216278076171875,-2.0397649278525165e-06,1.9942258653964302,-1,204
0.4121589660644531,6.604124787035204e-06,1.9942142025056129,1,204
0.41216087341308594,2.2821799294803213e-06,1.9942200339592995,1,204
0.41216182708740234,1.212075004808355e-07,1.994222949679933,1,204
0.41216230392456055,-9.59278714240952e-07,1.9942244075386992,-1,204
0.0,1.196929786562053,2.4031649571353575,1,208
0.5,0.008245263350938448,2.8484029764082335,1,208
0.75,-0.5860969982546186,2.9600004619282507,-1,208
0.625,-0.2889258674518399,2.9127343189801125,-1,208
0.5625,-0.140340302050451,2.882692479421571,-1,208
0.53125,-0.06604751934975606,2.8660798961342073,-1,208
0.515625,-0.028901127999408915,2.857374779668013,-1,208
0.5078125,-0.0103279323242349,2.852922261143806,-1,208
0.50390625,-0.0010413344866482266,2.850670971068035,-1,208
0.501953125,0.0036019644321454436,2.849539062663953,1,208
0.5029296875,0.0012803149727484975,2.850105538989127,1,208
0.50341796875,0.00011949024305013545,2.8503883855459744,1,208
0.503662109375,-0.00046092212179904557,2.8505297109346888,-1,208
0.5035400390625,-0.00017071593937423302,2.8504590563974603,-1,208
0.50347900390625,-2.5612848162159807e-05,2.8504237230110254,-1,208
0.503448486328125,4.693869744398782e-05,2.85040605478833,1,208
0.5034637451171875,1.066292464058094e-05,2.8504148890271352,1,208
0.5034713745117188,-7.474961760678411e-06,2.850419306050945,-1,208
0.5034675598144531,1.5939814399512642e-06,2.8504170975470062,1,208
0.5034694671630859,-2.9404901602525513e-06,2.850418201800967,-1,208
0.5034685134887695,-6.732543600396212e-07,2.8504176496744846,-1,208
0.5034680366516113,4.6036354017786607e-07,2.8504173736108696,1,208
0.0,1.0235856487101354,2.1695320262942155,1,212
0.5,-0.07507898827629123,2.806123993276286,-1,212
0.25,0.4742533302169214,2.5604247662831767,1,212
0.375,0.19958717097031453,2.697252263783913,1,212
0.4375,0.06225409134701154,2.754947276202174,1,212
0.46875,-0.006412448464639953,2.7813289946583986,-1,212
0.453125,0.02792082144118524,2.768338867515176,1,212
0.4609375,0.010754186488273199,2.7748837985479713,1,212
0.46484375,0.002170869011816068,2.77811882551376,1,212
0.466796875,-0.0021207897264117204,2.7797270126602185,-1,212
0.4658203125,2.5039642702173737e-05,2.778923695308199,1,212
0.46630859375,-0.0010478750418547733,2.7793255479670522,-1,212
0.466064453125,-0.0005114176995759667,2.7791246701423784,-1,212
0.4659423828125,-0.00024318902843711854,2.779024194852608,-1,212
0.46588134765625,-0.00010907469286758342,2.7789739481123763,-1,212
0.465850830078125,-4.201752508303791e-05,2.7789488224682977,-1,212
0.4658355712890625,-8.488941190210042e-06,2.778936259077754,-1,212
0.46582794189453125,8.275350755981847e-06,2.7789299772403537,1,212
0.4658317565917969,-1.0679521778023116e-07,2.778933118170897,-1,212
0.46582984924316406,4.084277769544897e-06,2.778931547708587,1,212
0.46583080291748047,1.9887412761043777e-06,2.778932332940482,1,212
0.46583127975463867,9.40973029051051e-07,2.778932725555875,1,212
0.0,1.0895544339085046,1.336588907176679,1,216
0.5,-0.1841219381902197,2.587057657428421,-1,216
0.25,0.4527162478591422,2.112500473946324,1,216
0.375,0.1342971548344607,2.3740105052016975,1,216
0.4375,-0.02491239167788062,2.486126580951487,-1,216
0.40625,0.05469238157829048,2.4315086604127965,1,216
0.421875,0.014889994950204821,2.4591715968950574,1,216
0.4296875,-0.0050111983638370106,2.4727369018179677,-1,216
0.42578125,0.004939398293184238,2.465976284542465,1,216
0.427734375,-3.590003532627506e-05,2.469362091537004,-1,216
0.4267578125,0.0024517491289290927,2.467670563921608,1,216
0.42724609375,0.0012079245468008537,2.468516671537426,1,216
0.427490234375,0.0005860122557370673,2.468939467469018,1,216
0.4276123046875,0.00027505611020473,2.4691508009834378,1,216
0.42767333984375,0.00011957803743922746,2.469256451630012,1,216
0.427703857421875,4.1839001056809266e-05,2.469309272925916,1,216
0.4277191162109375,2.969482864711992e-06,2.4693356825670576,1,216
0.42772674560546875,-1.646527623067051e-05,2.4693488871359293,-1,216
0.4277229309082031,-6.74789668297926e-06,2.4693422848724684,-1,216
0.4277210235595703,-1.8892069086895447e-06,2.469338983725006,-1,216
0.4277200698852539,5.401379779002013e-07,2.4693373331473434,1,216
0.4277205467224121,-6.74534465172627e-07,2.469338158436503,-1,216
0.0,0.9793846733158735,1.2106231428477814,1,220
0.5,-0.2653402082918863,2.5490537873844072,-1,220
0.25,0.3570222325119945,2.038656833896486,1,220
0.375,0.04584101211005365,2.3192896981895417,1,220
0.4375,-0.10974959809091622,2.440054431456237,-1,220
0.40625,-0.031954292990431954,2.381185118209416,-1,220
0.390625,0.006943359559810736,2.350622204073433,1,220
0.3984375,-0.012505466715311053,2.3659989822514267,-1,220
0.39453125,-0.0027810535777497147,2.358334529146132,-1,220
0.392578125,0.0020811529910305104,2.354484364163696,1,220
0.3935546875,-0.00034995029335971317,2.3564109443330197,-1,220
0.39306640625,0.0008656013488357317,2.3554480288806974,1,220
0.393310546875,0.00025782552773789824,2.3559295802382803,1,220
0.3934326171875,-4.6062382810907465e-05,2.3561702856901787,-1,220
0.39337158203125,0.00010588157246371743,2.3560499388157776,1,220
0.393402099609375,2.9909594825960895e-05,2.3561101137158125,1,220
0.3934173583984375,-8.07639399225124e-06,2.3561402000686975,-1,220
0.39340972900390625,1.0916600417409938e-05,2.3561251569836816,1,220
0.3934135437011719,1.4201032121352597e-06,2.3561326785490464,1,220
0.3934154510498047,-3.3281453897249236e-06,2.3561364393145863,-1,220
0.3934144973754883,-9.540210890168765e-07,2.356134558933244,-1,220
0.3934140205383301,2.330410622253254e-07,2.3561336187415027,1,220
0.0,1.0655610366201078,2.2336974410191157,1,224
0.5,-0.07471906604169076,2.8174643336834415,-1,224
0.25,0.49542098528920775,2.5888120376842907,1,224
0.375,0.2103509596237585,2.7157758243476313,1,224
0.4375,0.06781594679103375,2.7695945069597063,1,224
0.46875,-0.003451559625328393,2.7942562546290657,-1,224
0.453125,0.03218219358285257,2.782108954288045,1,224
0.4609375,0.014365316978762088,2.788228251234826,1,224
0.46484375,0.0054568786767166255,2.7912536350125614,1,224
0.466796875,0.0010026595256942272,2.792757786713274,1,224
0.4677734375,-0.001224450049817527,2.793507730695396,-1,224
0.46728515625,-0.00011089526206142786,2.7931329362663,-1,224
0.467041015625,0.0004458821318165107,2.7929454058872833,1,224
0.4671630859375,0.00016749343487720836,2.7930391821752893,1,224
0.46722412109375,2.8299086407779228e-05,2.793086061995309,1,224
0.467254638671875,-4.1298087826824315e-05,2.7931094998244195,-1,224
0.4672393798828125,-6.4995007096335655e-06,2.7930977810832696,-1,224
0.46723175048828125,1.0899792848961809e-05,2.7930919215826417,1,224
0.4672355651855469,2.200146069775144e-06,2.793094851343793,1,224
0.4672374725341797,-2.1496773201512553e-06,2.7930963162162414,-1,224
0.4672365188598633,2.5234375033988954e-08,2.7930955837806946,1,224
0.4672369956970215,-1.0622214725586332e-06,2.793095949998637,-1,224
0.0,1.1006052498716765,2.4247723630225124,1,228
0.5,-0.02868427545303076,2.8524153963099397,-1,228
0.25,0.5359604872093227,2.677589946768523,1,228
0.375,0.25363810587814606,2.773585148817357,1,228
0.4375,0.11247691521255776,2.8150797445342435,1,228
0.46875,0.04189631987976372,2.8342621659025666,1,228
0.484375,0.006606022213366591,2.8434669338082434,1,228
0.4921875,-0.01103912661983264,2.8479731509013315,-1,228
0.48828125,-0.0022165522032331353,2.8457280449321467,-1,228
0.486328125,0.002194735005066617,2.844599490816102,1,228
0.4873046875,-1.0908599082926074e-05,2.8451642681337486,-1,228
0.48681640625,0.0010919132029918455,2.8448820045524594,1,228
0.487060546875,0.0005405023019542377,2.8450231676109023,1,228
0.4871826171875,0.00026479685143598886,2.845093725689077,1,228
0.48724365234375,0.00012694412617642037,2.8451289988655755,1,228
0.487274169921875,5.801776354674715e-05,2.8451466339882003,1,228
0.4872894287109375,2.355458223202156e-05,2.8451554511831083,1,228
0.48729705810546875,6.322991574325698e-06,2.845159859688961,1,228
0.4873008728027344,-2.2928037546332547e-06,2.8451620639189894,-1,228
0.48729896545410156,2.015093909957244e-06,2.8451609618058837,1,228
0.48729991912841797,-1.3885492178289383e-07,2.845161512862914,-1,228
0.48729944229125977,9.381194938651305e-07,2.845161237334517,1,228
0.0,0.6576864744225195,0.2628807019415507,1,232
0.5,-0.32179488419302804,2.272008069541843,-1,232
0.25,0.16794579511474694,1.4898376260255617,1,232
0.375,-0.07692454453914133,1.9167960272169757,-1,232
0.3125,0.04551062528780192,1.7130679053062445,1,232
0.34375,-0.015706959625670036,1.817241393778708,-1,232
0.328125,0.014901832831066164,1.765745652399431,1,232
0.3359375,-0.00040256339730149193,1.791639438780353,-1,232
0.33203125,0.007249634716881559,1.77872924527829,1,232
0.333984375,0.0034235356597898114,1.7851934888355006,1,232
0.3349609375,0.0015104861312442708,1.7884187470411164,1,232
0.33544921875,0.0005539613669707233,1.7900296632883392,1,232
0.335693359375,7.569898483428261e-05,1.7908346935750874,1,232
0.3358154296875,-0.00016343220623360466,1.7912371018062092,-1,232
0.33575439453125,-4.386661069943898e-05,1.7910359065986075,-1,232
0.335723876953125,1.591618706764386e-05,1.790935302313942,1,232
0.3357391357421875,-1.3975211816008581e-05,1.790985605013035,-1,232
0.33573150634765625,9.70487626261729e-07,1.7909604538026807,1,232
0.3357353210449219,-6.502362095206493e-06,1.790973029442655,-1,232
0.33573341369628906,-2.7659372345834043e-06,1.7909667416313666,-1,232
0.33573246002197266,-8.9772480427186e-07,1.7909635977191987,-1,232
0.33573198318481445,3.638141055084532e-08,1.7909620257614836,1,232
0.0,1.0170997648711253,2.058476536714817,1,236
0.5,-0.12443389052161957,2.77903115027138,-1,236
0.25,0.4463329371747531,2.502112811193922,1,236
0.375,0.16094952332656698,2.6561689411333247,1,236
0.4375,0.01825781640247337,2.7212268808759514,1,236
0.46875,-0.05308803705957277,2.7510114929185936,-1,236
0.453125,-0.01741511032854981,2.736342487042614,-1,236
0.4453125,0.00042135303696211324,2.7288408725772197,1,236
0.44921875,-0.008496878645793515,2.732605680188134,-1,236
0.447265625,-0.004037762804415701,2.7307267822396057,-1,236
0.4462890625,-0.001808204883726905,2.7297847046002888,-1,236
0.44580078125,-0.0006934259233826179,2.7293130079781416,-1,236
0.445556640625,-0.0001360364432101413,2.7290769951364844,-1,236
0.4454345703125,0.00014265829687598597,2.7289589475729867,1,236
0.44549560546875,3.3109268327002894e-06,2.7290179747835897,1,236
0.445526123046875,-6.636275818849846e-05,2.729047485817228,-1,236
0.4455108642578125,-3.152591567778806e-05,2.7290327305147097,-1,236
0.44550323486328125,-1.4107494423098998e-05,2.7290253527027253,-1,236
0.4454994201660156,-5.398283795310377e-06,2.729021663756551,-1,236
0.4454975128173828,-1.0436784811940214e-06,2.729019819273419,-1,236
0.4454965591430664,1.1336241756421117e-06,2.7290188970293414,1,236
0.4454970359802246,4.497284744608976e-08,2.7290193581515894,1,236
0.0,1.039434768248346,1.842482738199203,1,240
0.5,-0.05604691967837683,2.757480275175235,-1,240
0.25,0.4916939242849847,2.4400308690344414,1,240
0.375,0.21782350230330372,2.618735252220785,1,240
0.4375,0.08088829131246333,2.6925735241981763,1,240
0.46875,0.012420685817043031,2.72609686554152,1,240
0.484375,-0.02181311693066701,2.742051126530375,-1,240
0.4765625,-0.004696215556811545,2.7341402175013103,-1,240
0.47265625,0.003862235130115632,2.7301351725913787,1,240
0.474609375,-0.0004169902133479564,2.7321418432178204,-1,240
0.4736328125,0.0017226224583837269,2.7311395461385564,1,240
0.47412109375,0.0006528161225176632,2.731640954087269,1,240
0.474365234375,0.00011791295458496442,2.7318914634861846,1,240
0.4744873046875,-0.00014953862938149598,2.732016669558087,-1,240
0.47442626953125,-1.5812837398154755e-05,2.7319540705739476,-1,240
0.474395751953125,5.105005859284972e-05,2.7319227680430562,1,240
0.4744110107421875,1.7618610597347484e-05,2.731938419561745,1,240
0.47441864013671875,9.028865994853419e-07,2.731946245131156,1,240
0.4744224548339844,-7.454975399667774e-06,2.7319501578683787,-1,240
0.47442054748535156,-3.276044400424283e-06,2.731948201503725,-1,240
0.47441959381103516,-1.1865788998033366e-06,2.73194722331843,-1,240
0.47441911697387695,-1.4184614993695277e-07,2.73194673422504,-1,240
0.0,1.2346692171680627,1.9642901291717973,1,244
0.5,-0.0023478908491882944,2.7575984759791803,-1,244
0.25,0.6161606631594374,2.455362051216608,1,244
0.375,0.3069063861551242,2.6235375730440706,1,244
0.4375,0.1522792476529673,2.6945138025981783,1,244
0.46875,0.07496567840188995,2.727014601871256,1,244
0.484375,0.03630889377635094,2.7425432212029324,1,244
0.4921875,0.0169805014635811,2.7501296841056546,1,244
0.49609375,0.007316305307196291,2.7538787489203926,1,244
0.498046875,0.0024842072290036654,2.755742274784065,1,244
0.4990234375,6.815818990779654e-05,2.7566712903616386,1,244
0.49951171875,-0.0011398663296400269,2.7571351118404106,-1,244
0.499267578125,-0.0005358540698663372,2.7569032582778807,-1,244
0.4991455078125,-0.0002338479399790483,2.7567872886151443,-1,244
0.49908447265625,-8.284487503540383e-05,2.7567292930623846,-1,244
0.499053955078125,-7.3433425642477346e-06,2.7567002926055277,-1,244
0.4990386962890625,3.0407423671885425e-05,2.756685791706965,1,244
0.49904632568359375,1.153204055404089e-05,2.756693042212092,1,244
0.4990501403808594,2.0943489948965777e-06,2.756696667422771,1,244
0.4990520477294922,-2.6244967847866008e-06,2.7566984800176395,-1,244
0.4990510940551758,-2.6507389483398924e-07,2.756697573721078,-1,244
0.4990506172180176,9.146375499202719e-07,2.756697120572142,1,244
0.0,0.6468093170320801,0.40037445922395953,1,248
0.5,-0.28218597355552366,2.3080020708199553,-1,248
0.25,0.182311671738278,1.564165715708479,1,248
0.375,-0.04993715090862283,1.970052600788011,-1,248
0.3125,0.06618726041482814,1.7763230357495616,1,248
0.34375,0.008125054753102878,1.8753725100635932,1,248
0.359375,-0.02090604807776031,1.9232468781297547,-1,248
0.3515625,-0.006390496662328715,1.8994446431025223,-1,248
0.34765625,0.0008672790453865264,1.8874424942520784,1,248
0.349609375,-0.0027616088084712054,1.8934520251086513,-1,248
0.3486328125,-0.0009471648815420064,1.8904493766339125,-1,248
0.34814453125,-3.994291807796202e-05,1.8889464650394898,-1,248
0.347900390625,0.0004136680636552814,1.8881946120898212,1,248
0.3480224609375,0.00018686257278854868,1.8885705716700438,1,248
0.34808349609375,7.345982735507128e-05,1.8887585266304119,1,248
0.348114013671875,1.675845463844361e-05,1.8888524979037744,1,248
0.3481292724609375,-1.1592231719870227e-05,1.8888994819888267,-1,248
0.34812164306640625,2.583111459619758e-06,1.888875990075601,1,248
0.3481254577636719,-4.504560129792168e-06,1.888887736064539,-1,248
0.34812355041503906,-9.607243349751826e-07,1.8888818630781512,-1,248
0.34812259674072266,8.111935621002431e-07,1.8888789265788968,1,248
0.34812307357788086,-7.476538677053668e-08,1.8888803948290285,-1,248
0.0,1.2421840947036045,2.4337800825166656,1,252
0.5,0.04345242132029159,2.854083088334356,1,252
0.75,-0.5559134153713645,2.961204919472223,-1,252
0.625,-0.25623049702553646,2.9157015948602774,-1,252
0.5625,-0.10638903785262221,2.8868893045021258,-1,252
0.53125,-0.03146830826616487,2.8709855373671758,-1,252
0.515625,0.005992056527063028,2.8626593014707566,1,252
0.5234375,-0.012738125869551142,2.8668536410581997,-1,252
0.51953125,-0.0033730346712441683,2.864764279464792,-1,252
0.517578125,0.0013095109279097628,2.863713742901468,1,252
0.5185546875,-0.0010317618716668697,2.864239499242045,-1,252
0.51806640625,0.00013887452812144652,2.8639767430925755,1,252
0.518310546875,-0.0004464436717728226,2.864108151671748,-1,252
0.5181884765625,-0.00015378457182602112,2.8640424550083665,-1,252
0.51812744140625,-7.455021851843213e-06,2.8640096009570337,-1,252
0.518096923828125,6.570975313469063e-05,2.863993172501447,1,252
0.5181121826171875,2.912736564097962e-05,2.864001386848401,1,252
0.5181198120117188,1.083617189490127e-05,2.864005493932508,1,252
0.5181236267089844,1.690575021084939e-06,2.8640075474522178,1,252
0.5181255340576172,-2.8822234154901594e-06,2.8640085742064887,-1,252
0.5181245803833008,-5.958241968695432e-07,2.864008060829819,-1,252
0.5181241035461426,5.473754118856533e-07,2.864007804141136,1,252
0.0,1.045820983692245,2.297043623625314,1,256
0.5,-0.09025795534078562,2.8289056199551514,-1,256
0.25,0.4777815141757302,2.6176333523158184,1,256
0.375,0.1937617794174722,2.7345700974135814,1,256
0.4375,0.05175191203834362,2.7844227012124234,1,256
0.46875,-0.01925302165122056,2.8073228360483276,-1,256
0.453125,0.016249445193561307,2.7960388182753477,1,256
0.4609375,-0.0015017882288295148,2.8017221560606576,-1,256
0.45703125,0.007373828482365896,2.7988908416296314,1,256
0.458984375,0.0029360201267678576,2.800309084637711,1,256
0.4599609375,0.0007171159489689494,2.801016266448275,1,256
0.46044921875,-0.00039233613993050476,2.8013693727358446,-1,256
0.460205078125,0.00016238990451911128,2.801192859967818,1,256
0.4603271484375,-0.00011497311770525265,2.8012811264450943,-1,256
0.46026611328125,2.3708393406929318e-05,2.801236995729857,1,256
0.460296630859375,-4.5632362149161665e-05,2.801259061718315,-1,256
0.4602813720703125,-1.0961984370894129e-05,2.8012480288817967,-1,256
0.46027374267578125,6.373204517906572e-06,2.801242512345255,1,256
0.4602775573730469,-2.2943899264937784e-06,2.801245270623383,-1,256
0.46027565002441406,2.039407295706397e-06,2.8012438914867825,1,256
0.46027660369873047,-1.2749131528266844e-07,2.8012445810556987,-1,256
0.46027612686157227,9.55957990100842e-07,2.801244236271395,1,256
0.0,1.1967779482063452,1.067194444216248,1,260
0.5,-0.16090177839637865,2.5052762097472843,-1,260
0.25,0.5179380849049828,1.9537385607590803,1,260
0.375,0.17851815325430165,2.2563021297057775,1,260
0.4375,0.008808187428961611,2.3870021557388403,1,260
0.46875,-0.07604679548370852,2.447655365641392,-1,260
0.453125,-0.03361930402737312,2.417711609957468,-1,260
0.4453125,-0.012405558299205754,2.4024531386781924,-1,260
0.44140625,-0.0017986854351221826,2.394751783564298,-1,260
0.439453125,0.0035047509969197144,2.3908830130761656,1,260
0.4404296875,0.000853032780899099,2.3928189079965163,1,260
0.44091796875,-0.0004728263271118749,2.3937857230531296,-1,260
0.440673828125,0.00019010322689361203,2.393302409861246,1,260
0.4407958984375,-0.00014136155010913143,2.393544090039011,-1,260
0.44073486328125,2.43708383922403e-05,2.3934232558458692,1,260
0.440765380859375,-5.8495355858445564e-05,2.3934836744163386,-1,260
0.4407501220703125,-1.706225873299161e-05,2.393453465499583,-1,260
0.44074249267578125,3.6542898296243465e-06,2.393438360764847,1,260
0.4407463073730469,-6.703984452016698e-06,2.3934459131552455,-1,260
0.44074440002441406,-1.5248473110851535e-06,2.393442136965804,-1,260
0.44074344635009766,1.0647212591585742e-06,2.3934402488667645,1,260
0.44074392318725586,-2.3006302596328965e-07,2.393441192916644,-1,260
0.0,0.8507795510740968,1.4672358857358454,1,264
0.5,-0.22821645072763164,2.6256480879419737,-1,264
0.25,0.3112815501732331,2.1878683535975614,1,264
0.375,0.041532549722800294,2.429709068950731,1,264
0.4375,-0.093341950502416,2.5329652412866146,-1,264
0.40625,-0.025904700389808077,2.4827000798936263,-1,264
0.390625,0.007813924666495886,2.456551549526918,1,264
0.3984375,-0.00904538786165543,2.4697117238669333,-1,264
0.39453125,-0.0006157315975796607,2.463153214753244,-1,264
0.392578125,0.0035990965344583348,2.4598577895547304,1,264
0.3935546875,0.001491682468438782,2.461506852381263,1,264
0.39404296875,0.0004379754354297827,2.46233037092199,1,264
0.394287109375,-8.887808107549411e-05,2.462741877151116,-1,264
0.3941650390625,0.00017454867717758837,2.4625361451180727,1,264
0.39422607421875,4.283529805126918e-05,2.4626390164045815,1,264
0.394256591796875,-2.3021391511557354e-05,2.4626904480952962,-1,264
0.3942413330078125,9.906953269522845e-06,2.4626647325793067,1,264
0.39424896240234375,-6.557219121017255e-06,2.4626775904196423,-1,264
0.3942451477050781,1.6748670745858618e-06,2.4626711615200603,1,264
0.39424705505371094,-2.4411760235487634e-06,2.4626743759749976,-1,264
0.39424610137939453,-3.831544748145177e-07,2.4626727687488152,-1,264
0.39424562454223633,6.458562997746498e-07,2.462671965134759,1,264
0.0,1.201106154863414,2.0962878795320403,1,268
0.5,-0.013772645454757315,2.793599408691782,-1,268
0.25,0.5936667547043282,2.5292482971333228,1,268
0.375,0.2899470546247853,2.6769029125667085,1,268
0.4375,0.1380872045850141,2.738822593230819,1,268
0.46875,0.062157279565128176,2.7670767745328098,1,268
0.484375,0.024192317055185653,2.780551636882655,1,268
0.4921875,0.005209835800213947,2.7871285740834484,1,268
0.49609375,-0.004281404827271684,2.7903772139520058,-1,268
0.494140625,0.0004642154864711312,2.788756204620566,1,268
0.4951171875,-0.0019085946704002765,2.7895675363123966,-1,268
0.49462890625,-0.0007221895919644616,2.789162077300809,-1,268
0.494384765625,-0.00012898705274677624,2.7889591926790187,-1,268
0.4942626953125,0.00016761421686251055,2.7888577115805964,1,268
0.49432373046875,1.9313582057645107e-05,2.788908455362355,1,268
0.494354248046875,-5.4836735343899434e-05,2.788933824828805,-1,268
0.4943389892578125,-1.776157664346023e-05,2.788921140297612,-1,268
0.49433135986328125,7.760027072034603e-07,2.7889147978804916,1,268
0.4943351745605469,-8.49278696790634e-06,2.78891796910168,-1,268
0.49433326721191406,-3.858392130240418e-06,2.7889163834942425,-1,268
0.49433231353759766,-1.541194711629501e-06,2.7889155906881564,-1,268
0.49433183670043945,-3.8259600221302037e-07,2.7889151942845216,-1,268
0.0,1.0796002678833336,2.3657825180769967,1,272
0.5,-0.07719353410658658,2.8414056737427313,-1,272
0.25,0.5012033668883735,2.649512353466608,1,272
0.375,0.2120049163908937,2.755288834127406,1,272
0.4375,0.06740569114215367,2.800707652830192,1,272
0.46875,-0.004893921482216568,2.8216384407609487,-1,272
0.453125,0.03125588482996844,2.8113193859637295,1,272
0.4609375,0.013180981673876158,2.816515377679669,1,272
0.46484375,0.004143530095829462,2.819086011009558,1,272
0.466796875,-0.0003751956931934419,2.8203644995935857,-1,272
0.4658203125,0.001884167201318121,2.819725823943932,1,272
0.46630859375,0.0007544857540622285,2.820045303902309,1,272
0.466552734375,0.00018964503043483738,2.820204937277966,1,272
0.4666748046875,-9.277533137908023e-05,2.820284727317861,-1,272
0.46661376953125,4.84348495279896e-05,2.8202448345184874,1,272
0.466644287109375,-2.2170240925989404e-05,2.82026478147331,-1,272
0.4666290283203125,1.3132304300889075e-05,2.820254808134684,1,272
0.46663665771484375,-4.518968312439142e-06,2.820259794838693,-1,272
0.4666328430175781,4.306667994447011e-06,2.8202573014953627,1,272
0.46663475036621094,-1.0615015932913252e-07,2.8202585481691966,-1,272
0.46663379669189453,2.100258917447917e-06,2.8202579248328212,1,272
0.46663427352905273,9.970543790593922e-07,2.8202582365011453,1,272
0.0,1.026640711662125,0.05703338570470454,1,276
0.5,-0.253959338893319,2.2259982322060354,-1,276
0.25,0.3863406863844028,1.3918426174983518,1,276
0.375,0.06619067374554044,1.847893725795593,1,276
0.4375,-0.09388433257388851,2.0459545245932467,-1,276
0.40625,-0.01384682941417359,1.9492400010940596,-1,276
0.390625,0.02617192216568487,1.899155834535559,1,276
0.3984375,0.006162546375755085,1.9243438096202297,1,276
0.40234375,-0.0038421415192089192,1.936828218604912,-1,276
0.400390625,0.0011602024282724166,1.9305951119904856,1,276
0.4013671875,-0.0013409695454680293,1.9337139372969285,-1,276
0.40087890625,-9.038355859747327e-05,1.932155092950755,-1,276
0.400634765625,0.0005349094348372496,1.9313752445859218,1,276
0.4007568359375,0.00022226293812077635,1.9317652042923399,1,276
0.40081787109375,6.593968976220665e-05,1.9319601575019458,1,276
0.400848388671875,-1.2221934416967173e-05,1.9320576274463748,-1,276
0.4008331298828125,2.6858877672175652e-05,1.9320088930291754,1,276
0.40084075927734375,7.318471626938106e-06,1.932033260376528,1,276
0.4008445739746094,-2.451731395458623e-06,1.9320454439461392,-1,276
0.40084266662597656,2.4333701154066745e-06,1.9320393521700059,1,276
0.40084362030029297,-9.180640914152605e-09,1.9320423980602408,-1,276
0.40084314346313477,1.2120947379123947e-06,1.932040875115665,1,276
0.0,0.9077859592450324,2.216491155023115,1,280
0.5,-0.17652947460559187,2.8123807463556245,-1,280
0.25,0.3656282423197197,2.5785093035222486,1,280
0.375,0.09454938385706435,2.7082577299836275,1,280
0.4375,-0.04099004537426332,2.7633391688792006,-1,280
0.40625,0.026779669241400406,2.736571447526353,1,280
0.421875,-0.007105188066431456,2.7501460508692435,-1,280
0.4140625,0.009837240587484697,2.743406731063508,1,280
0.41796875,0.0013660262605261764,2.746788348378176,1,280
0.419921875,-0.00286958090295264,2.7484701843113655,-1,280
0.4189453125,-0.0007517773212131207,2.7476300130958076,-1,280
0.41845703125,0.0003071244696564168,2.747209367497493,1,280
0.418701171875,-0.00022232642577879602,2.747419736977667,-1,280
0.4185791015625,4.239902193892142e-05,2.7473145639089713,1,280
0.41864013671875,-8.996370191916014e-05,2.7473671533610253,-1,280
0.418609619140625,-2.3782339990674473e-05,2.747340859364443,-1,280
0.4185943603515625,9.308340974234497e-06,2.747327711819071,1,280
0.41860198974609375,-7.2369995081089655e-06,2.7473342856373475,-1,280
0.4185981750488281,1.035670733173788e-06,2.747330998739607,1,280
0.41860008239746094,-3.100664387245544e-06,2.7473326421913264,-1,280
0.41859912872314453,-1.0324968269248558e-06,2.7473318204661794,-1,280
0.41859865188598633,1.5869530134438037e-09,2.747331409603071,1,280
0.0,1.0450800059417344,1.9241981152778822,1,284
0.5,-0.06308981535807323,2.767097583370221,-1,284
0.25,0.4909950952918305,2.463723343753075,1,284
0.375,0.21395263996687874,2.634160301053673,1,284
0.4375,0.07543141230440265,2.704856637455474,1,284
0.46875,0.006170798473164485,2.736993189959429,1,284
0.484375,-0.028459508442454373,2.752295055152404,-1,284
0.4765625,-0.011144354984644833,2.7447070536378346,-1,284
0.47265625,-0.002486778255740063,2.74086592133985,-1,284
0.470703125,0.001842010108712655,2.7389335140439117,1,284
0.4716796875,-0.000322384073513593,2.7399007062194727,-1,284
0.47119140625,0.000759813017599198,2.7394173573969995,1,284
0.471435546875,0.00021871447204313554,2.7396590936078575,1,284
0.4715576171875,-5.183480073545077e-05,2.739779915361484,-1,284
0.47149658203125,8.343983565328728e-05,2.739719508346886,1,284
0.471527099609375,1.5802517459029275e-05,2.7397497128197066,1,284
0.4715423583984375,-1.8016141638099725e-05,2.7397648143319717,-1,284
0.47153472900390625,-1.1068120897572697e-06,2.739757263636184,-1,284
0.4715309143066406,7.347852684747025e-06,2.7397534882430317,1,284
0.47153282165527344,3.120520297938967e-06,2.739755375943379,1,284
0.47153377532958984,1.0068541043128931e-06,2.7397563197907244,1,284
0.47153425216674805,-4.997899272218831e-08,2.739756791713689,-1,284
0.0,1.162532868400236,1.7643931080148225,1,288
0.5,-0.016465143211625843,2.708074909931487,-1,288
0.25,0.5730338625943048,2.3520551953898554,1,288
0.375,0.2782843596913396,2.549786112650124,1,288
0.4375,0.13090960823985687,2.633468349110945,1,288
0.46875,0.057222232514115845,2.6718726593584603,1,288
0.484375,0.02037854465124478,2.690245597970668,1,288
0.4921875,0.0019567007198095787,2.6992278177988966,1,288
0.49609375,-0.007254221245908132,2.7036682085819352,-1,288
0.494140625,-0.0026487602630487217,2.7014522300435027,-1,288
0.4931640625,-0.0003460297716195715,2.7003410788529862,-1,288
0.49267578125,0.0008053354740951146,2.6997847121492855,1,288
0.492919921875,0.00022965285123777157,2.700062961445646,1,288
0.4930419921875,-5.818846019089996e-05,2.7002020366340305,-1,288
0.49298095703125,8.573219552299172e-05,2.7001325031611927,1,288
0.493011474609375,1.3771867665601789e-05,2.700167270927928,1,288
0.4930267333984375,-2.220829626287113e-05,2.700184654038556,-1,288
0.49301910400390625,-4.218214298745693e-06,2.7001759625476365,-1,288
0.4930152893066406,4.7768266835390705e-06,2.700171616753881,1,288
0.49301719665527344,2.7930619306282267e-07,2.700173789654784,1,288
0.49301815032958984,-1.9694540522863235e-06,2.7001748761022166,-1,288
0.49301767349243164,-8.450739301668619e-07,2.7001743328787517,-1,288
0.0,0.69885088614753,0.6885193201296849,1,292
0.5,-0.30950064335516037,2.3904226757783675,-1,292
0.25,0.19467512139618548,1.729413485643871,1,292
0.375,-0.05741276097948744,2.0904830787297395,-1,292
0.3125,0.06863118020834791,1.9182490729685653,1,292
0.34375,0.005609209614430233,2.006332612280003,1,292
0.359375,-0.025901775682528383,2.0488886544041662,-1,292
0.3515625,-0.010146283034048631,2.027732085005336,-1,292
0.34765625,-0.002268536709809199,2.0170628763411997,-1,292
0.345703125,0.001670336452310739,2.011705397393689,1,292
0.3466796875,-0.0002991001287493411,2.014386047467913,-1,292
0.34619140625,0.0006856181617804769,2.0130462004131005,1,292
0.346435546875,0.0001932590165156789,2.013716243394459,1,292
0.3465576171875,-5.292055611705315e-05,2.01405117528948,-1,292
0.34649658203125,7.016923019920185e-05,2.0138837168071917,1,292
0.346527099609375,8.624337041407415e-06,2.01396744791456,1,292
0.3465423583984375,-2.2148109537489802e-05,2.0140093120685663,-1,292
0.34653472900390625,-6.7618862480411934e-06,2.0139883801082012,-1,292
0.3465309143066406,9.312253965720885e-07,2.0139779140405407,1,292
0.34653282165527344,-2.9153304261786417e-06,2.0139831470816607,-1,292
0.34653186798095703,-9.920525143591874e-07,2.0139805305629226,-1,292
0.34653139114379883,-3.041355878252716e-08,2.0139792223021877,-1,292
0.0,1.0675692118715245,2.4080617380795686,1,296
0.5,-0.06144166741351187,2.8493232164158204,-1,296
0.25,0.5030637722290068,2.6696338158465776,1,296
0.375,0.22081105240774734,2.768417982674529,1,296
0.4375,0.07968469249711774,2.8110308032756812,1,296
0.46875,0.009121512541802712,2.8307109404028132,1,296
0.484375,-0.026160077435854356,2.8401499687150635,-1,296
0.4765625,-0.008519282447025489,2.835463743836312,-1,296
0.47265625,0.00030111504738883355,2.8330956734094275,1,296
0.474609375,-0.004109083699818328,2.8342817902954827,-1,296
0.4736328125,-0.0019039843262149692,2.8336892524125483,-1,296
0.47314453125,-0.0008014346394131788,2.8333925930689103,-1,296
0.472900390625,-0.0002501597960120616,2.833244165780897,-1,296
0.4727783203125,2.547762568827494e-05,2.833169927730877,1,296
0.47283935546875,-0.00011234108516200436,2.833207048789781,-1,296
0.472808837890625,-4.343172973686471e-05,2.8331884887688066,-1,296
0.4727935791015625,-8.977052024627952e-06,2.833179208376961,-1,296
0.47278594970703125,8.250286831712472e-06,2.833174568085698,1,296
0.4727897644042969,-3.6338259645773974e-07,2.833176888239274,-1,296
0.47278785705566406,3.943452117516344e-06,2.8331757281644725,1,296
0.47278881072998047,1.7900347606403244e-06,2.83317630820237,1,296
0.47278928756713867,7.133260828684485e-07,2.833176598220946,1,296
